"Survey ID","Status","Registration ID","Name of Surveyor","Survey Date","Submitted On","Farmer Name","Village","Block","District","State","I. General Information — 1.a GPS Location of farmer","I. General Information — 2. Mobile Number","I. General Information — 5. Level of Education","I. General Information — 6. Gender","I. General Information — 7. Caste","I. General Information — 8. Total Land holding (Acre)","I. General Information — 8a. Irrigated (Acre)","I. General Information — 8b. Un-irrigated (Acre)","I. General Information — 9. Source of Irrigation","II. Farming — Area & Production — Kharif Crops (2026)","II. Farming — Area & Production — Area of Kharif Crop (Acre) — 2026","II. Farming — Area & Production — Production of Kharif Crop (quintal) — 2026","II. Farming — Area & Production — Rabi Crops (2024-25)","II. Farming — Area & Production — Area of Rabi Crop (Acre) — 2024-25","II. Farming — Area & Production — Production of Rabi Crop (quintal) — 2024-25","II. Farming — Area & Production — Summer Crops (2025)","II. Farming — Area & Production — Area of Summer Crop (Acre) — 2025","II. Farming — Area & Production — Production of Summer Crop (quintal) — 2025","II. Farming — Area & Production — Kharif Crops (2024)","II. Farming — Area & Production — Area of Kharif Crop (Acre) — 2024","II. Farming — Area & Production — Production of Kharif Crop (quintal) — 2024","II. Farming — Area & Production — Rabi Crops (2023-24)","II. Farming — Area & Production — Area of Rabi Crop (Acre) — 2023-24","II. Farming — Area & Production — Production of Rabi Crop (quintal) — 2023-24","II. Farming — Area & Production — Summer Crops (2024)","II. Farming — Area & Production — Area of Summer Crop (Acre) — 2024","II. Farming — Area & Production — Production of Summer Crop (quintal) — 2024","II. Farming — Practices — 3(a). Do you have a Soil Health Card?","II. Farming — Practices — (i) Year of Soil Testing","II. Farming — Practices — (ii) Any follow up","II. Farming — Practices — 4a. New varieties / Hybrids (High yielding)","II. Farming — Practices — 4b. Field preparation","II. Farming — Practices — 4c. Soil treatment (Lime / Liming / Dolomite)","II. Farming — Practices — 4d(i). Seed treatment","II. Farming — Practices — 4d(ii). If adopted, name of the crop","II. Farming — Practices — 4d(iii). Name of the seed treating chemical and dose","II. Farming — Practices — 4e. Timely sowing","II. Farming — Practices — 4f. Seed rate and spacing","II. Farming — Practices — 4g. Chemical fertilizer application","II. Farming — Practices — 4h. Micro-nutrients (Zn, F, Br, Mn, Mg)","II. Farming — Practices — 4i. Irrigation management","II. Farming — Practices — 4j. Weed management","II. Farming — Practices — 4k. Plant protection measures","II. Farming — Practices — 4l. Harvesting / threshing","II. Farming — Practices — 4m. Storage","II. Farming — Practices — 4n. Vermi composting","II. Farming — Practices — 5. Type of farm equipment used","II. Farming — Practices — 5a. Farm equipment usage cost per Acre (Rs.)","II. Farming — Practices — 6. Irrigation method adopted","II. Farming — Practices — 6a. Irrigation cost per Acre (Rs.)","II. Farming — Inputs, Credit & Market — 7a. Fertilizer / other input used","II. Farming — Inputs, Credit & Market — 7b. Source of purchase","II. Farming — Inputs, Credit & Market — 7c. Constraints","II. Farming — Inputs, Credit & Market — 7d. Cost of fertiliser per Acre (Rs.)","II. Farming — Inputs, Credit & Market — 8a. Name of pesticides / bio-pesticides used","II. Farming — Inputs, Credit & Market — 8b. Name of the pests, pesticides used and their waiting period","II. Farming — Inputs, Credit & Market — 8c. Source of purchase","II. Farming — Inputs, Credit & Market — 8d. Constraints","II. Farming — Inputs, Credit & Market — 9. Have you availed any crop loan?","II. Farming — Inputs, Credit & Market — 9a. Mode of crop loan","II. Farming — Inputs, Credit & Market — 9b. Amount of loan (Rs.)","II. Farming — Inputs, Credit & Market — 9c. Does the credit fulfil your need?","II. Farming — Inputs, Credit & Market — 9d. Source of crop loan","II. Farming — Inputs, Credit & Market — 9e. Constraints in crop loan","II. Farming — Inputs, Credit & Market — 10. Have you got your crops insured?","II. Farming — Inputs, Credit & Market — 10a. Which crops are insured","II. Farming — Inputs, Credit & Market — 10b. Area (Acre)","II. Farming — Inputs, Credit & Market — 10c. Insurance agency","II. Farming — Inputs, Credit & Market — 10d. Amount insured (Rs.)","II. Farming — Inputs, Credit & Market — 10e. Premium paid (Rs.)","II. Farming — Inputs, Credit & Market — 10f. Insurance claimed (Rs.)","II. Farming — Inputs, Credit & Market — 10g. Nature of damage","II. Farming — Inputs, Credit & Market — 10h. Constraints of crop insurance","II. Farming — Inputs, Credit & Market — 11a. Place of selling","II. Farming — Inputs, Credit & Market — 11b. Sold to","II. Farming — Inputs, Credit & Market — 11c. Marketing related problems faced","II. Farming — Inputs, Credit & Market — 11d. Transportation cost of produce for selling (Rs.)","II. Farming — Inputs, Credit & Market — 11e. Storage cost of produce, if stored (Rs.)","II. Farming — Inputs, Credit & Market — 12. Guidance received from institution(s)","III. Schemes & Awareness — 13a. Assistance received from schemes","III. Schemes & Awareness — 13b. Remarks on Govt. sponsored schemes","III. Schemes & Awareness — 14. Any suggestions / good practices from farmer","III. Schemes & Awareness — 15a. Have you doubled your income from farming?","III. Schemes & Awareness — 15b. Name of the doubling farming component","III. Schemes & Awareness — 15c. Are you aware of Natural Farming?","III. Schemes & Awareness — 15d. Awareness of Natural Farming components","III. Schemes & Awareness — 15e. No. of cow / goat / pig / backyard poultry","III. Schemes & Awareness — 15f. No. of buffalo","III. Schemes & Awareness — 15g. Awareness about NANO urea","III. Schemes & Awareness — 15h. Awareness about drone technology in agriculture","III. Schemes & Awareness — 16a. Labour cost of seed plantation per Acre (Rs.)","III. Schemes & Awareness — 16b. Labour cost of weeding per Acre (Rs.)","III. Schemes & Awareness — 16c. Labour cost of harvesting per Acre (Rs.)","IV. Preventive Healthcare — 1. Do you have access to healthcare service?","IV. Preventive Healthcare — 1a. If yes, facility available","IV. Preventive Healthcare — 1b. If no, give reasons","IV. Preventive Healthcare — 2. How far is the health centre from your home?","IV. Preventive Healthcare — 3. Main illnesses in your area","IV. Preventive Healthcare — 4. Is ambulance facility available?","IV. Preventive Healthcare — 5. Are health camps periodically held in your area?","IV. Preventive Healthcare — 6. Are you aware of family planning methods?","IV. Preventive Healthcare — 7. Are you aware of mental health concerns like stress and depression?","IV. Preventive Healthcare — 8. Are you aware of vaccination programmes?","IV. Preventive Healthcare — 9. Are you covered under a Government Health Insurance Scheme?","IV. Preventive Healthcare — 10. Do you have safe drinking water in your area?","IV. Preventive Healthcare — 11. Do ASHA workers visit your home?","IV. Preventive Healthcare — 12. Are children receiving regular vaccinations?","IV. Preventive Healthcare — 13. Awareness of Central Government schemes","IV. Preventive Healthcare — 14. Awareness of Government of Odisha schemes","IV. Preventive Healthcare — 15. Are you a member of a Primary Agricultural Cooperative Society?","IV. Preventive Healthcare — 16. Has the farmer subscribed to the IPL YouTube channel?","IV. Preventive Healthcare — 17. If no, were you able to make the farmer subscribe?"
"2885fcf9-c6f7-42f5-aeff-78960cdedcaf","submitted","ICRO/2026/20260800809","Pankaj kumar ","2026-08-18","2026-09-04T07:45:08.472+00:00","Arjun Singh ","Shaidpur ","Charthawal","Mujaffarnagar ","Uttar Pradesh ","29.544505, 77.716943","7453940230","High School","Male","SC","3","3",,"Tubewell; Canal","Sugarcane ","2.5","1000","Wheat ","0.2","10","Sorghum","0.2","6","Sugarcane","2.5","1000","Wheat ","0.3","10","Sorghum","0.2","6","No",,,"Adopted","Adopted","Aware but not adopted","Aware but not adopted",,,"Adopted","Adopted","Adopted","Adopted","Adopted","Adopted","Adopted","Adopted","Aware but not adopted","Adopted","Rotavator; Seed drill; Sprayer; Other","15000","Surface; Other: Flood irrigation","1200","Urea; DAP; SSP; MOP; FYM; Liquid Fertilizer; NPK; Micronutrient; Ammonium Sulphate","Cooperatives","Timely Availability; Inadequate Quantity; Other: Available not in time","6000","Chlorpyriphos 20% EC; Imidacloprid 17.8SL; Profenophos 50% EC; Quinalphos 25% EC; Mancozeb 75WP; Carbendazim 50WP; Fipronil 5% SC",,"Cooperatives","Technical Knowledge; Effectiveness","Yes","KCC","200000","No","Cooperative; Money Lender; Commercial Bank","High Interest Rates; Indifference from Bank/Cooperative","No",,,,,,,,"High Premium; Long Settlement Time","Regulated market-mandi; Nearby town; Other: Mill","Commission agent; Village traders","Price fluctuation; Lack of storage facility; Transportation cost; Low Price","7500","0","State Department of Agriculture; KVK; Agri University; Other: Sugar Mill","Pradhan Mantri Kisan Samman Nidhi Yojana; Pradhan Mantri Fasal Bima Yojana; Kisan Credit Card (KCC) Scheme; Pradhan Mantri Krishi Sinchai Yojana; RKVY (RAFTAAR); Mission for Integrated Development of Horticulture; Sub-Mission on Agriculture Mechanization",,,"No",,"No",,"1","2","Yes","Yes","6000","18000","24000","Yes","District level Health Centre; Private Health Centre",,"More than 5 Km","Malaria; Diarrheal disease; Respiratory infection; Vector borne diseases (dengue, chikungunya, Zika); Skin infection (fungal, scabies); Anemia; Eye infection; Other: Cancer","Yes","Yes","Yes","Yes","Yes","No","Yes","Yes","Yes","Ayushman Bharat - PM Jan Arogya Yojana (PM-JAY); Swachh Bharat Abhiyan; Pradhan Mantri Surakshit Matritva Abhiyan; National Nutrition Mission (Poshan Abhiyaan); Rashtriya Swasthya Bima Yojana (RSBY); Jal Jeevan Mission (JJM); PM-KUSUM Scheme; Bharat VISTAAR; National Livestock Mission (NLM); Mission for Integrated Development of Horticulture (MIDH); Pradhan Mantri Matsya Sampada Yojana (PMMSY); National Beekeeping & Honey Mission (NBHM); eNAM (National Agriculture Market); Soil Health Card Scheme",,"Yes","Yes",
"850983f2-8db9-4fa3-bdf7-ced7f8e09d44","submitted","ICRO/2026/20260800809","Pankaj kumar ","2026-08-18","2026-09-04T07:40:27.985+00:00","Angoori ","Maannagar","Charthawal","Mujaffarnagar ","Uttar Pradesh ","29.544505, 77.716943","8445059486","High School","Female","SC","1","1",,"Tubewell; Canal","Sugarcane ","1","350",,,,,,,"Sugarcane","1","350",,,,,,,"No",,,"Adopted","Adopted","Aware but not adopted","Aware but not adopted",,,"Adopted","Adopted","Adopted","Adopted","Adopted","Adopted","Adopted","Adopted","Aware but not adopted","Adopted","Rotavator; Seed drill; Sprayer; Other","15000","Surface; Other: Flood irrigation","1200","Urea; DAP; SSP; MOP; FYM; Liquid Fertilizer; NPK; Micronutrient; Ammonium Sulphate","Cooperatives","Timely Availability; Inadequate Quantity; Other: Available not in time","6000","Chlorpyriphos 20% EC; Imidacloprid 17.8SL; Profenophos 50% EC; Quinalphos 25% EC; Mancozeb 75WP; Carbendazim 50WP; Fipronil 5% SC",,"Cooperatives","Technical Knowledge; Effectiveness","Yes","KCC","200000","No","Cooperative; Money Lender; Commercial Bank","High Interest Rates; Indifference from Bank/Cooperative","No",,,,,,,,"High Premium; Long Settlement Time","Regulated market-mandi; Nearby town; Other: Mill","Commission agent; Village traders","Price fluctuation; Lack of storage facility; Transportation cost; Low Price","7500","0","State Department of Agriculture; KVK; Agri University; Other: Sugar Mill","Pradhan Mantri Kisan Samman Nidhi Yojana; Pradhan Mantri Fasal Bima Yojana; Kisan Credit Card (KCC) Scheme; Pradhan Mantri Krishi Sinchai Yojana; RKVY (RAFTAAR); Mission for Integrated Development of Horticulture; Sub-Mission on Agriculture Mechanization",,,"No",,"No",,"1","2","Yes","Yes","6000","18000","24000","Yes","District level Health Centre; Private Health Centre",,"More than 5 Km","Malaria; Diarrheal disease; Respiratory infection; Vector borne diseases (dengue, chikungunya, Zika); Skin infection (fungal, scabies); Anemia; Eye infection; Other: Cancer","Yes","Yes","Yes","Yes","Yes","No","Yes","Yes","Yes","Ayushman Bharat - PM Jan Arogya Yojana (PM-JAY); Swachh Bharat Abhiyan; Pradhan Mantri Surakshit Matritva Abhiyan; National Nutrition Mission (Poshan Abhiyaan); Rashtriya Swasthya Bima Yojana (RSBY); Jal Jeevan Mission (JJM); PM-KUSUM Scheme; Bharat VISTAAR; National Livestock Mission (NLM); Mission for Integrated Development of Horticulture (MIDH); Pradhan Mantri Matsya Sampada Yojana (PMMSY); National Beekeeping & Honey Mission (NBHM); eNAM (National Agriculture Market); Soil Health Card Scheme",,"Yes","Yes",
"4fbf2b04-d0ee-4a6e-8a3a-fcb1ba610393","submitted","ICRO/2026/20260800809","Pankaj kumar ","2026-08-21","2026-09-04T07:36:56.31+00:00","Kali ram","Rohana kalan ","Charthawal","Mujaffarnagar ","Uttar Pradesh ","29.544505, 77.716943","7668470491","High School","Male","SC","2","2",,"Tubewell; River","Sugarcane ","2","700",,,,,,,"Sugarcane","2","700",,,,,,,"No",,,"Adopted","Adopted","Aware but not adopted","Aware but not adopted",,,"Adopted","Adopted","Adopted","Adopted","Adopted","Adopted","Adopted","Adopted","Aware but not adopted","Adopted","Rotavator; Seed drill; Sprayer; Other","15000","Surface; Other: Flood irrigation","1200","Urea; DAP; SSP; MOP; FYM; Liquid Fertilizer; NPK; Micronutrient; Ammonium Sulphate","Cooperatives","Timely Availability; Inadequate Quantity; Other: Available not in time","6000","Chlorpyriphos 20% EC; Imidacloprid 17.8SL; Profenophos 50% EC; Quinalphos 25% EC; Mancozeb 75WP; Carbendazim 50WP; Fipronil 5% SC",,"Cooperatives","Technical Knowledge; Effectiveness","Yes","KCC","200000","No","Cooperative; Money Lender; Commercial Bank","High Interest Rates; Indifference from Bank/Cooperative","No",,,,,,,,"High Premium; Long Settlement Time","Regulated market-mandi; Nearby town; Other: Mill","Commission agent; Village traders","Price fluctuation; Lack of storage facility; Transportation cost; Low Price","7500","0","State Department of Agriculture; KVK; Agri University; Other: Sugar Mill","Pradhan Mantri Kisan Samman Nidhi Yojana; Pradhan Mantri Fasal Bima Yojana; Kisan Credit Card (KCC) Scheme; Pradhan Mantri Krishi Sinchai Yojana; RKVY (RAFTAAR); Mission for Integrated Development of Horticulture; Sub-Mission on Agriculture Mechanization",,,"No",,"No",,"1","2","Yes","Yes","6000","18000","24000","Yes","District level Health Centre; Private Health Centre",,"More than 5 Km","Malaria; Diarrheal disease; Respiratory infection; Vector borne diseases (dengue, chikungunya, Zika); Skin infection (fungal, scabies); Anemia; Eye infection; Other: Cancer","Yes","Yes","Yes","Yes","Yes","No","Yes","Yes","Yes","Ayushman Bharat - PM Jan Arogya Yojana (PM-JAY); Swachh Bharat Abhiyan; Pradhan Mantri Surakshit Matritva Abhiyan; National Nutrition Mission (Poshan Abhiyaan); Rashtriya Swasthya Bima Yojana (RSBY); Jal Jeevan Mission (JJM); PM-KUSUM Scheme; Bharat VISTAAR; National Livestock Mission (NLM); Mission for Integrated Development of Horticulture (MIDH); Pradhan Mantri Matsya Sampada Yojana (PMMSY); National Beekeeping & Honey Mission (NBHM); eNAM (National Agriculture Market); Soil Health Card Scheme",,"Yes","Yes",
"ff8e6abb-d66b-40e2-b0d2-dfba35c4b0de","submitted","ICRO/2026/20260800809","Pankaj kumar ","2026-08-21","2026-09-04T07:34:51.575+00:00","Shyam singh ","Rohana kalan ","Charthawal","Mujaffarnagar ","Uttar Pradesh ","29.544505, 77.716943","6398549233","Middle","Male","General","1","1",,"Tubewell; River","Sugarcane ","1","400",,,,,,,"Sugarcane","1","400",,,,,,,"No",,,"Adopted","Adopted","Aware but not adopted","Aware but not adopted",,,"Adopted","Adopted","Adopted","Adopted","Adopted","Adopted","Adopted","Adopted","Aware but not adopted","Adopted","Rotavator; Seed drill; Sprayer; Other","15000","Surface; Other: Flood irrigation","1200","Urea; DAP; SSP; MOP; FYM; Liquid Fertilizer; NPK; Micronutrient; Ammonium Sulphate","Cooperatives","Timely Availability; Inadequate Quantity; Other: Available not in time","6000","Chlorpyriphos 20% EC; Imidacloprid 17.8SL; Profenophos 50% EC; Quinalphos 25% EC; Mancozeb 75WP; Carbendazim 50WP; Fipronil 5% SC",,"Cooperatives","Technical Knowledge; Effectiveness","Yes","KCC","200000","No","Cooperative; Money Lender; Commercial Bank","High Interest Rates; Indifference from Bank/Cooperative","No",,,,,,,,"High Premium; Long Settlement Time","Regulated market-mandi; Nearby town; Other: Mill","Commission agent; Village traders","Price fluctuation; Lack of storage facility; Transportation cost; Low Price","7500","0","State Department of Agriculture; KVK; Agri University; Other: Sugar Mill","Pradhan Mantri Kisan Samman Nidhi Yojana; Pradhan Mantri Fasal Bima Yojana; Kisan Credit Card (KCC) Scheme; Pradhan Mantri Krishi Sinchai Yojana; RKVY (RAFTAAR); Mission for Integrated Development of Horticulture; Sub-Mission on Agriculture Mechanization",,,"No",,"No",,"1","2","Yes","Yes","6000","18000","24000","Yes","District level Health Centre; Private Health Centre",,"More than 5 Km","Malaria; Diarrheal disease; Respiratory infection; Vector borne diseases (dengue, chikungunya, Zika); Skin infection (fungal, scabies); Anemia; Eye infection; Other: Cancer","Yes","Yes","Yes","Yes","Yes","No","Yes","Yes","Yes","Ayushman Bharat - PM Jan Arogya Yojana (PM-JAY); Swachh Bharat Abhiyan; Pradhan Mantri Surakshit Matritva Abhiyan; National Nutrition Mission (Poshan Abhiyaan); Rashtriya Swasthya Bima Yojana (RSBY); Jal Jeevan Mission (JJM); PM-KUSUM Scheme; Bharat VISTAAR; National Livestock Mission (NLM); Mission for Integrated Development of Horticulture (MIDH); Pradhan Mantri Matsya Sampada Yojana (PMMSY); National Beekeeping & Honey Mission (NBHM); eNAM (National Agriculture Market); Soil Health Card Scheme",,"Yes","Yes",
"8795c3b5-607b-480f-9f86-ce33658a6cb4","submitted","ICRO/2026/20260800809","Pankaj kumar ","2026-08-21","2026-09-04T07:32:23.049+00:00","Arjun Kumar ","Rohana kalan ","Charthawal","Mujaffarnagar ","Uttar Pradesh ","29.544505, 77.716943","8218457536","Middle","Male","OBC","1.5","1.5",,"Tubewell; River","Sugarcane ","1.5","500",,,,,,,"Sugarcane","1.5","500",,,,,,,"No",,,"Adopted","Adopted","Aware but not adopted","Aware but not adopted",,,"Adopted","Adopted","Adopted","Adopted","Adopted","Adopted","Adopted","Adopted","Aware but not adopted","Adopted","Rotavator; Seed drill; Sprayer; Other","15000","Surface; Other: Flood irrigation","1200","Urea; DAP; SSP; MOP; FYM; Liquid Fertilizer; NPK; Micronutrient; Ammonium Sulphate","Cooperatives","Timely Availability; Inadequate Quantity; Other: Available not in time","6000","Chlorpyriphos 20% EC; Imidacloprid 17.8SL; Profenophos 50% EC; Quinalphos 25% EC; Mancozeb 75WP; Carbendazim 50WP; Fipronil 5% SC",,"Cooperatives","Technical Knowledge; Effectiveness","Yes","KCC","200000","No","Cooperative; Money Lender; Commercial Bank","High Interest Rates; Indifference from Bank/Cooperative","No",,,,,,,,"High Premium; Long Settlement Time","Regulated market-mandi; Nearby town; Other: Mill","Commission agent; Village traders","Price fluctuation; Lack of storage facility; Transportation cost; Low Price","7500","0","State Department of Agriculture; KVK; Agri University; Other: Sugar Mill","Pradhan Mantri Kisan Samman Nidhi Yojana; Pradhan Mantri Fasal Bima Yojana; Kisan Credit Card (KCC) Scheme; Pradhan Mantri Krishi Sinchai Yojana; RKVY (RAFTAAR); Mission for Integrated Development of Horticulture; Sub-Mission on Agriculture Mechanization",,,"No",,"No",,"1","2","Yes","Yes","6000","18000","24000","Yes","District level Health Centre; Private Health Centre",,"More than 5 Km","Malaria; Diarrheal disease; Respiratory infection; Vector borne diseases (dengue, chikungunya, Zika); Skin infection (fungal, scabies); Anemia; Eye infection; Other: Cancer","Yes","Yes","Yes","Yes","Yes","No","Yes","Yes","Yes","Ayushman Bharat - PM Jan Arogya Yojana (PM-JAY); Swachh Bharat Abhiyan; Pradhan Mantri Surakshit Matritva Abhiyan; National Nutrition Mission (Poshan Abhiyaan); Rashtriya Swasthya Bima Yojana (RSBY); Jal Jeevan Mission (JJM); PM-KUSUM Scheme; Bharat VISTAAR; National Livestock Mission (NLM); Mission for Integrated Development of Horticulture (MIDH); Pradhan Mantri Matsya Sampada Yojana (PMMSY); National Beekeeping & Honey Mission (NBHM); eNAM (National Agriculture Market); Soil Health Card Scheme",,"Yes","Yes",
"88de423f-d140-4395-86dc-69dacc4489c7","submitted","ICRO/2026/20260800809","Pankaj kumar ","2026-08-24","2026-09-03T20:42:59.452+00:00","Vishamber pal","Rohana kalan ","Charthawal","Mujaffarnagar ","Uttar Pradesh ","29.544505, 77.716943","7505386804","Middle","Male","OBC","1.5","1.5",,"Tubewell; River","Sugarcane ","1.5","500",,,,,,,"Sugarcane","1.5","500",,,,,,,"No",,,"Adopted","Adopted","Aware but not adopted","Aware but not adopted",,,"Adopted","Adopted","Adopted","Adopted","Adopted","Adopted","Adopted","Adopted","Aware but not adopted","Adopted","Rotavator; Seed drill; Sprayer; Other","15000","Surface; Other: Flood irrigation","1200","Urea; DAP; SSP; MOP; FYM; Liquid Fertilizer; NPK; Micronutrient; Ammonium Sulphate","Cooperatives","Timely Availability; Inadequate Quantity; Other: Available not in time","6000","Chlorpyriphos 20% EC; Imidacloprid 17.8SL; Profenophos 50% EC; Quinalphos 25% EC; Mancozeb 75WP; Carbendazim 50WP; Fipronil 5% SC",,"Cooperatives","Technical Knowledge; Effectiveness","Yes","KCC","200000","No","Cooperative; Money Lender; Commercial Bank","High Interest Rates; Indifference from Bank/Cooperative","No",,,,,,,,"High Premium; Long Settlement Time","Regulated market-mandi; Nearby town; Other: Mill","Commission agent; Village traders","Price fluctuation; Lack of storage facility; Transportation cost; Low Price","7500","0","State Department of Agriculture; KVK; Agri University; Other: Sugar Mill","Pradhan Mantri Kisan Samman Nidhi Yojana; Pradhan Mantri Fasal Bima Yojana; Kisan Credit Card (KCC) Scheme; Pradhan Mantri Krishi Sinchai Yojana; RKVY (RAFTAAR); Mission for Integrated Development of Horticulture; Sub-Mission on Agriculture Mechanization",,,"No",,"No",,"1","2","Yes","Yes","6000","18000","24000","Yes","District level Health Centre; Private Health Centre",,"More than 5 Km","Malaria; Diarrheal disease; Respiratory infection; Vector borne diseases (dengue, chikungunya, Zika); Skin infection (fungal, scabies); Anemia; Eye infection; Other: Cancer","Yes","Yes","Yes","Yes","Yes","No","Yes","Yes","Yes","Ayushman Bharat - PM Jan Arogya Yojana (PM-JAY); Swachh Bharat Abhiyan; Pradhan Mantri Surakshit Matritva Abhiyan; National Nutrition Mission (Poshan Abhiyaan); Rashtriya Swasthya Bima Yojana (RSBY); Jal Jeevan Mission (JJM); PM-KUSUM Scheme; Bharat VISTAAR; National Livestock Mission (NLM); Mission for Integrated Development of Horticulture (MIDH); Pradhan Mantri Matsya Sampada Yojana (PMMSY); National Beekeeping & Honey Mission (NBHM); eNAM (National Agriculture Market); Soil Health Card Scheme",,"Yes","Yes",
"4fdb0dd0-a4e3-44e0-a897-59cee211a3a8","submitted","ICRO/2026/20260800809","Pankaj kumar ","2026-08-24","2026-09-03T20:39:52.936+00:00","Soniya shani","Seshauni","Sadar","Mujaffarnagar ","Uttar Pradesh ","29.544505, 77.716943","9536460691","High School","Female","OBC","0.8","0.8",,"Tubewell; River","Sugarcane ","0.8","300",,,,,,,"Sugarcane","0.8","300",,,,,,,"No",,,"Adopted","Adopted","Aware but not adopted","Aware but not adopted",,,"Adopted","Adopted","Adopted","Adopted","Adopted","Adopted","Adopted","Adopted","Aware but not adopted","Adopted","Rotavator; Seed drill; Sprayer; Other","15000","Surface; Other: Flood irrigation","1200","Urea; DAP; SSP; MOP; FYM; Liquid Fertilizer; NPK; Micronutrient; Ammonium Sulphate","Cooperatives","Timely Availability; Inadequate Quantity; Other: Available not in time","6000","Chlorpyriphos 20% EC; Imidacloprid 17.8SL; Profenophos 50% EC; Quinalphos 25% EC; Mancozeb 75WP; Carbendazim 50WP; Fipronil 5% SC",,"Cooperatives","Technical Knowledge; Effectiveness","Yes","KCC","200000","No","Cooperative; Money Lender; Commercial Bank","High Interest Rates; Indifference from Bank/Cooperative","No",,,,,,,,"High Premium; Long Settlement Time","Regulated market-mandi; Nearby town; Other: Mill","Commission agent; Village traders","Price fluctuation; Lack of storage facility; Transportation cost; Low Price","7500","0","State Department of Agriculture; KVK; Agri University; Other: Sugar Mill","Pradhan Mantri Kisan Samman Nidhi Yojana; Pradhan Mantri Fasal Bima Yojana; Kisan Credit Card (KCC) Scheme; Pradhan Mantri Krishi Sinchai Yojana; RKVY (RAFTAAR); Mission for Integrated Development of Horticulture; Sub-Mission on Agriculture Mechanization",,,"No",,"No",,"1","2","Yes","Yes","6000","18000","24000","Yes","District level Health Centre; Private Health Centre",,"More than 5 Km","Malaria; Diarrheal disease; Respiratory infection; Vector borne diseases (dengue, chikungunya, Zika); Skin infection (fungal, scabies); Anemia; Eye infection; Other: Cancer","Yes","Yes","Yes","Yes","Yes","No","Yes","Yes","Yes","Ayushman Bharat - PM Jan Arogya Yojana (PM-JAY); Swachh Bharat Abhiyan; Pradhan Mantri Surakshit Matritva Abhiyan; National Nutrition Mission (Poshan Abhiyaan); Rashtriya Swasthya Bima Yojana (RSBY); Jal Jeevan Mission (JJM); PM-KUSUM Scheme; Bharat VISTAAR; National Livestock Mission (NLM); Mission for Integrated Development of Horticulture (MIDH); Pradhan Mantri Matsya Sampada Yojana (PMMSY); National Beekeeping & Honey Mission (NBHM); eNAM (National Agriculture Market); Soil Health Card Scheme",,"Yes","Yes",
"e9079f56-89aa-495b-b420-bd978c946eca","submitted","ICRO/2026/20260800809","Pankaj kumar ","2026-08-24","2026-09-03T20:38:45.633+00:00","Anju shani","Seshauni","Sadar","Mujaffarnagar ","Uttar Pradesh ","29.544505, 77.716943","8859124152","High School","Female","OBC","0.8","0.8",,"Tubewell; River","Sugarcane ","0.8","300",,,,,,,"Sugarcane","0.8","300",,,,,,,"No",,,"Adopted","Adopted","Aware but not adopted","Aware but not adopted",,,"Adopted","Adopted","Adopted","Adopted","Adopted","Adopted","Adopted","Adopted","Aware but not adopted","Adopted","Rotavator; Seed drill; Sprayer; Other","15000","Surface; Other: Flood irrigation","1200","Urea; DAP; SSP; MOP; FYM; Liquid Fertilizer; NPK; Micronutrient; Ammonium Sulphate","Cooperatives","Timely Availability; Inadequate Quantity; Other: Available not in time","6000","Chlorpyriphos 20% EC; Imidacloprid 17.8SL; Profenophos 50% EC; Quinalphos 25% EC; Mancozeb 75WP; Carbendazim 50WP; Fipronil 5% SC",,"Cooperatives","Technical Knowledge; Effectiveness","Yes","KCC","200000","No","Cooperative; Money Lender; Commercial Bank","High Interest Rates; Indifference from Bank/Cooperative","No",,,,,,,,"High Premium; Long Settlement Time","Regulated market-mandi; Nearby town; Other: Mill","Commission agent; Village traders","Price fluctuation; Lack of storage facility; Transportation cost; Low Price","7500","0","State Department of Agriculture; KVK; Agri University; Other: Sugar Mill","Pradhan Mantri Kisan Samman Nidhi Yojana; Pradhan Mantri Fasal Bima Yojana; Kisan Credit Card (KCC) Scheme; Pradhan Mantri Krishi Sinchai Yojana; RKVY (RAFTAAR); Mission for Integrated Development of Horticulture; Sub-Mission on Agriculture Mechanization",,,"No",,"No",,"1","2","Yes","Yes","6000","18000","24000","Yes","District level Health Centre; Private Health Centre",,"More than 5 Km","Malaria; Diarrheal disease; Respiratory infection; Vector borne diseases (dengue, chikungunya, Zika); Skin infection (fungal, scabies); Anemia; Eye infection; Other: Cancer","Yes","Yes","Yes","Yes","Yes","No","Yes","Yes","Yes","Ayushman Bharat - PM Jan Arogya Yojana (PM-JAY); Swachh Bharat Abhiyan; Pradhan Mantri Surakshit Matritva Abhiyan; National Nutrition Mission (Poshan Abhiyaan); Rashtriya Swasthya Bima Yojana (RSBY); Jal Jeevan Mission (JJM); PM-KUSUM Scheme; Bharat VISTAAR; National Livestock Mission (NLM); Mission for Integrated Development of Horticulture (MIDH); Pradhan Mantri Matsya Sampada Yojana (PMMSY); National Beekeeping & Honey Mission (NBHM); eNAM (National Agriculture Market); Soil Health Card Scheme",,"Yes","Yes",
"e80b578e-2c41-47ec-a76b-78075082302e","submitted","ICRO/2026/20260800809","Pankaj kumar ","2026-08-24","2026-09-03T20:37:16.317+00:00","Mahendri devi ","Seshauni","Sadar","Mujaffarnagar ","Uttar Pradesh ","29.544505, 77.716943","8859124152","Middle","Female","OBC","0.8","0.8",,"Tubewell; River","Sugarcane ","0.8","300",,,,,,,"Sugarcane","0.8","300",,,,,,,"No",,,"Adopted","Adopted","Aware but not adopted","Aware but not adopted",,,"Adopted","Adopted","Adopted","Adopted","Adopted","Adopted","Adopted","Adopted","Aware but not adopted","Adopted","Rotavator; Seed drill; Sprayer; Other","15000","Surface; Other: Flood irrigation","1200","Urea; DAP; SSP; MOP; FYM; Liquid Fertilizer; NPK; Micronutrient; Ammonium Sulphate","Cooperatives","Timely Availability; Inadequate Quantity; Other: Available not in time","6000","Chlorpyriphos 20% EC; Imidacloprid 17.8SL; Profenophos 50% EC; Quinalphos 25% EC; Mancozeb 75WP; Carbendazim 50WP; Fipronil 5% SC",,"Cooperatives","Technical Knowledge; Effectiveness","Yes","KCC","200000","No","Cooperative; Money Lender; Commercial Bank","High Interest Rates; Indifference from Bank/Cooperative","No",,,,,,,,"High Premium; Long Settlement Time","Regulated market-mandi; Nearby town; Other: Mill","Commission agent; Village traders","Price fluctuation; Lack of storage facility; Transportation cost; Low Price","7500","0","State Department of Agriculture; KVK; Agri University; Other: Sugar Mill","Pradhan Mantri Kisan Samman Nidhi Yojana; Pradhan Mantri Fasal Bima Yojana; Kisan Credit Card (KCC) Scheme; Pradhan Mantri Krishi Sinchai Yojana; RKVY (RAFTAAR); Mission for Integrated Development of Horticulture; Sub-Mission on Agriculture Mechanization",,,"No",,"No",,"1","2","Yes","Yes","6000","18000","24000","Yes","District level Health Centre; Private Health Centre",,"More than 5 Km","Malaria; Diarrheal disease; Respiratory infection; Vector borne diseases (dengue, chikungunya, Zika); Skin infection (fungal, scabies); Anemia; Eye infection; Other: Cancer","Yes","Yes","Yes","Yes","Yes","No","Yes","Yes","Yes","Ayushman Bharat - PM Jan Arogya Yojana (PM-JAY); Swachh Bharat Abhiyan; Pradhan Mantri Surakshit Matritva Abhiyan; National Nutrition Mission (Poshan Abhiyaan); Rashtriya Swasthya Bima Yojana (RSBY); Jal Jeevan Mission (JJM); PM-KUSUM Scheme; Bharat VISTAAR; National Livestock Mission (NLM); Mission for Integrated Development of Horticulture (MIDH); Pradhan Mantri Matsya Sampada Yojana (PMMSY); National Beekeeping & Honey Mission (NBHM); eNAM (National Agriculture Market); Soil Health Card Scheme",,"Yes","Yes",
"bf4f4351-b157-4aa5-90fb-78979b447d09","submitted","ICRO/2026/20260800809","Pankaj kumar ","2026-08-24","2026-09-03T20:36:14.677+00:00","Urmila devi ","Seshauni","Sadar","Mujaffarnagar ","Uttar Pradesh ","29.544505, 77.716943","9761711630","Middle","Female","OBC","0.8","0.8",,"Tubewell; River","Sugarcane ","0.8","300",,,,,,,"Sugarcane","0.8","300",,,,,,,"No",,,"Adopted","Adopted","Aware but not adopted","Aware but not adopted",,,"Adopted","Adopted","Adopted","Adopted","Adopted","Adopted","Adopted","Adopted","Aware but not adopted","Adopted","Rotavator; Seed drill; Sprayer; Other","15000","Surface; Other: Flood irrigation","1200","Urea; DAP; SSP; MOP; FYM; Liquid Fertilizer; NPK; Micronutrient; Ammonium Sulphate","Cooperatives","Timely Availability; Inadequate Quantity; Other: Available not in time","6000","Chlorpyriphos 20% EC; Imidacloprid 17.8SL; Profenophos 50% EC; Quinalphos 25% EC; Mancozeb 75WP; Carbendazim 50WP; Fipronil 5% SC",,"Cooperatives","Technical Knowledge; Effectiveness","Yes","KCC","200000","No","Cooperative; Money Lender; Commercial Bank","High Interest Rates; Indifference from Bank/Cooperative","No",,,,,,,,"High Premium; Long Settlement Time","Regulated market-mandi; Nearby town; Other: Mill","Commission agent; Village traders","Price fluctuation; Lack of storage facility; Transportation cost; Low Price","7500","0","State Department of Agriculture; KVK; Agri University; Other: Sugar Mill","Pradhan Mantri Kisan Samman Nidhi Yojana; Pradhan Mantri Fasal Bima Yojana; Kisan Credit Card (KCC) Scheme; Pradhan Mantri Krishi Sinchai Yojana; RKVY (RAFTAAR); Mission for Integrated Development of Horticulture; Sub-Mission on Agriculture Mechanization",,,"No",,"No",,"1","2","Yes","Yes","6000","18000","24000","Yes","District level Health Centre; Private Health Centre",,"More than 5 Km","Malaria; Diarrheal disease; Respiratory infection; Vector borne diseases (dengue, chikungunya, Zika); Skin infection (fungal, scabies); Anemia; Eye infection; Other: Cancer","Yes","Yes","Yes","Yes","Yes","No","Yes","Yes","Yes","Ayushman Bharat - PM Jan Arogya Yojana (PM-JAY); Swachh Bharat Abhiyan; Pradhan Mantri Surakshit Matritva Abhiyan; National Nutrition Mission (Poshan Abhiyaan); Rashtriya Swasthya Bima Yojana (RSBY); Jal Jeevan Mission (JJM); PM-KUSUM Scheme; Bharat VISTAAR; National Livestock Mission (NLM); Mission for Integrated Development of Horticulture (MIDH); Pradhan Mantri Matsya Sampada Yojana (PMMSY); National Beekeeping & Honey Mission (NBHM); eNAM (National Agriculture Market); Soil Health Card Scheme",,"Yes","Yes",
"3a983638-4a46-48b1-b892-2a243ac12933","submitted","ICRO/2026/20260800809","Pankaj kumar ","2026-08-24","2026-09-03T20:34:53.986+00:00","Rajbali singh ","Seshauni","Sadar","Mujaffarnagar ","Uttar Pradesh ","29.544505, 77.716943","9368623502","High School","Male","OBC","0.8","0.8",,"Tubewell; River","Sugarcane ","0.8","300",,,,,,,"Sugarcane","0.8","300",,,,,,,"No",,,"Adopted","Adopted","Aware but not adopted","Aware but not adopted",,,"Adopted","Adopted","Adopted","Adopted","Adopted","Adopted","Adopted","Adopted","Aware but not adopted","Adopted","Rotavator; Seed drill; Sprayer; Other","15000","Surface; Other: Flood irrigation","1200","Urea; DAP; SSP; MOP; FYM; Liquid Fertilizer; NPK; Micronutrient; Ammonium Sulphate","Cooperatives","Timely Availability; Inadequate Quantity; Other: Available not in time","6000","Chlorpyriphos 20% EC; Imidacloprid 17.8SL; Profenophos 50% EC; Quinalphos 25% EC; Mancozeb 75WP; Carbendazim 50WP; Fipronil 5% SC",,"Cooperatives","Technical Knowledge; Effectiveness","Yes","KCC","200000","No","Cooperative; Money Lender; Commercial Bank","High Interest Rates; Indifference from Bank/Cooperative","No",,,,,,,,"High Premium; Long Settlement Time","Regulated market-mandi; Nearby town; Other: Mill","Commission agent; Village traders","Price fluctuation; Lack of storage facility; Transportation cost; Low Price","7500","0","State Department of Agriculture; KVK; Agri University; Other: Sugar Mill","Pradhan Mantri Kisan Samman Nidhi Yojana; Pradhan Mantri Fasal Bima Yojana; Kisan Credit Card (KCC) Scheme; Pradhan Mantri Krishi Sinchai Yojana; RKVY (RAFTAAR); Mission for Integrated Development of Horticulture; Sub-Mission on Agriculture Mechanization",,,"No",,"No",,"1","2","Yes","Yes","6000","18000","24000","Yes","District level Health Centre; Private Health Centre",,"More than 5 Km","Malaria; Diarrheal disease; Respiratory infection; Vector borne diseases (dengue, chikungunya, Zika); Skin infection (fungal, scabies); Anemia; Eye infection; Other: Cancer","Yes","Yes","Yes","Yes","Yes","No","Yes","Yes","Yes","Ayushman Bharat - PM Jan Arogya Yojana (PM-JAY); Swachh Bharat Abhiyan; Pradhan Mantri Surakshit Matritva Abhiyan; National Nutrition Mission (Poshan Abhiyaan); Rashtriya Swasthya Bima Yojana (RSBY); Jal Jeevan Mission (JJM); PM-KUSUM Scheme; Bharat VISTAAR; National Livestock Mission (NLM); Mission for Integrated Development of Horticulture (MIDH); Pradhan Mantri Matsya Sampada Yojana (PMMSY); National Beekeeping & Honey Mission (NBHM); eNAM (National Agriculture Market); Soil Health Card Scheme",,"Yes","Yes",
"ab84529c-5759-45f4-85c4-88234cc98644","submitted","ICRO/2026/20260800809","Pankaj kumar ","2026-08-24","2026-09-03T20:32:53.947+00:00","Istakar","Seshauni","Sadar","Mujaffarnagar ","Uttar Pradesh ","29.544505, 77.716943","6397451907","High School","Male","OBC","0.8","0.8",,"Tubewell; River","Sugarcane ","0.8","300","","","","","","","Sugarcane","0.8","300","","","","","","","No",,,"Adopted","Adopted","Aware but not adopted","Aware but not adopted",,,"Adopted","Adopted","Adopted","Adopted","Adopted","Adopted","Adopted","Adopted","Aware but not adopted","Adopted","Rotavator; Seed drill; Sprayer; Other","15000","Surface; Other: Flood irrigation","1200","Urea; DAP; SSP; MOP; FYM; Liquid Fertilizer; NPK; Micronutrient; Ammonium Sulphate","Cooperatives","Timely Availability; Inadequate Quantity; Other: Available not in time","6000","Chlorpyriphos 20% EC; Imidacloprid 17.8SL; Profenophos 50% EC; Quinalphos 25% EC; Mancozeb 75WP; Carbendazim 50WP; Fipronil 5% SC",,"Cooperatives","Technical Knowledge; Effectiveness","Yes","KCC","200000","No","Cooperative; Money Lender; Commercial Bank","High Interest Rates; Indifference from Bank/Cooperative","No",,,,,,,,"High Premium; Long Settlement Time","Regulated market-mandi; Nearby town; Other: Mill","Commission agent; Village traders","Price fluctuation; Lack of storage facility; Transportation cost; Low Price","7500","0","State Department of Agriculture; KVK; Agri University; Other: Sugar Mill","Pradhan Mantri Kisan Samman Nidhi Yojana; Pradhan Mantri Fasal Bima Yojana; Kisan Credit Card (KCC) Scheme; Pradhan Mantri Krishi Sinchai Yojana; RKVY (RAFTAAR); Mission for Integrated Development of Horticulture; Sub-Mission on Agriculture Mechanization",,,"No",,"No",,"1","2","Yes","Yes","6000","18000","24000","Yes","District level Health Centre; Private Health Centre",,"More than 5 Km","Malaria; Diarrheal disease; Respiratory infection; Vector borne diseases (dengue, chikungunya, Zika); Skin infection (fungal, scabies); Anemia; Eye infection; Other: Cancer","Yes","Yes","Yes","Yes","Yes","No","Yes","Yes","Yes","Ayushman Bharat - PM Jan Arogya Yojana (PM-JAY); Swachh Bharat Abhiyan; Pradhan Mantri Surakshit Matritva Abhiyan; National Nutrition Mission (Poshan Abhiyaan); Rashtriya Swasthya Bima Yojana (RSBY); Jal Jeevan Mission (JJM); PM-KUSUM Scheme; Bharat VISTAAR; National Livestock Mission (NLM); Mission for Integrated Development of Horticulture (MIDH); Pradhan Mantri Matsya Sampada Yojana (PMMSY); National Beekeeping & Honey Mission (NBHM); eNAM (National Agriculture Market); Soil Health Card Scheme",,"Yes","Yes",
"5100e735-0916-4c8b-a4a5-aa1cf73c75cc","submitted","ICRO/2026/20260800809","Pankaj kumar ","2026-08-24","2026-09-03T20:30:09.85+00:00","Kharg singh","Seshauni","Sadar","Mujaffarnagar ","Uttar Pradesh ","29.544505, 77.716943","9761132071","High School","Male","OBC","2.5","2.5",,"Tubewell; River","Sugarcane ","2","800","Wheat ","0.3","11","Sorghum","0.2","7","Sugarcane","2","800","Wheat","0.2","11","Sorghum","0.2","6","No",,,"Adopted","Adopted","Aware but not adopted","Aware but not adopted",,,"Adopted","Adopted","Adopted","Adopted","Adopted","Adopted","Adopted","Adopted","Aware but not adopted","Adopted","Rotavator; Seed drill; Sprayer; Other","15000","Surface; Other: Flood irrigation","1200","Urea; DAP; SSP; MOP; FYM; Liquid Fertilizer; NPK; Micronutrient; Ammonium Sulphate","Cooperatives","Timely Availability; Inadequate Quantity; Other: Available not in time","6000","Chlorpyriphos 20% EC; Imidacloprid 17.8SL; Profenophos 50% EC; Quinalphos 25% EC; Mancozeb 75WP; Carbendazim 50WP; Fipronil 5% SC",,"Cooperatives","Technical Knowledge; Effectiveness","Yes","KCC","200000","No","Cooperative; Money Lender; Commercial Bank","High Interest Rates; Indifference from Bank/Cooperative","No",,,,,,,,"High Premium; Long Settlement Time","Regulated market-mandi; Nearby town; Other: Mill","Commission agent; Village traders","Price fluctuation; Lack of storage facility; Transportation cost; Low Price","7500","0","State Department of Agriculture; KVK; Agri University; Other: Sugar Mill","Pradhan Mantri Kisan Samman Nidhi Yojana; Pradhan Mantri Fasal Bima Yojana; Kisan Credit Card (KCC) Scheme; Pradhan Mantri Krishi Sinchai Yojana; RKVY (RAFTAAR); Mission for Integrated Development of Horticulture; Sub-Mission on Agriculture Mechanization",,,"No",,"No",,"1","2","Yes","Yes","6000","18000","24000","Yes","District level Health Centre; Private Health Centre",,"More than 5 Km","Malaria; Diarrheal disease; Respiratory infection; Vector borne diseases (dengue, chikungunya, Zika); Skin infection (fungal, scabies); Anemia; Eye infection; Other: Cancer","Yes","Yes","Yes","Yes","Yes","No","Yes","Yes","Yes","Ayushman Bharat - PM Jan Arogya Yojana (PM-JAY); Swachh Bharat Abhiyan; Pradhan Mantri Surakshit Matritva Abhiyan; National Nutrition Mission (Poshan Abhiyaan); Rashtriya Swasthya Bima Yojana (RSBY); Jal Jeevan Mission (JJM); PM-KUSUM Scheme; Bharat VISTAAR; National Livestock Mission (NLM); Mission for Integrated Development of Horticulture (MIDH); Pradhan Mantri Matsya Sampada Yojana (PMMSY); National Beekeeping & Honey Mission (NBHM); eNAM (National Agriculture Market); Soil Health Card Scheme",,"Yes","Yes",
"ee903ddb-e7a2-4394-a2f0-eb717efcc1a9","submitted","ICRO/2026/20260800809","Pankaj kumar ","2026-08-24","2026-09-03T20:27:49.648+00:00","Brejesh kumar ","Seshauni","Sadar","Mujaffarnagar ","Uttar Pradesh ","29.544505, 77.716943","8859124152","Inter","Male","OBC","1.5","1.5",,"Tubewell; River","Sugarcane ","1","400","Wheat ","0.3","11","Sorghum","0.2","7","Sugarcane","1","400","Wheat","0.2","11","Sorghum","0.2","6","No",,,"Adopted","Adopted","Aware but not adopted","Aware but not adopted",,,"Adopted","Adopted","Adopted","Adopted","Adopted","Adopted","Adopted","Adopted","Aware but not adopted","Adopted","Rotavator; Seed drill; Sprayer; Other","15000","Surface; Other: Flood irrigation","1200","Urea; DAP; SSP; MOP; FYM; Liquid Fertilizer; NPK; Micronutrient; Ammonium Sulphate","Cooperatives","Timely Availability; Inadequate Quantity; Other: Available not in time","6000","Chlorpyriphos 20% EC; Imidacloprid 17.8SL; Profenophos 50% EC; Quinalphos 25% EC; Mancozeb 75WP; Carbendazim 50WP; Fipronil 5% SC",,"Cooperatives","Technical Knowledge; Effectiveness","Yes","KCC","200000","No","Cooperative; Money Lender; Commercial Bank","High Interest Rates; Indifference from Bank/Cooperative","No",,,,,,,,"High Premium; Long Settlement Time","Regulated market-mandi; Nearby town; Other: Mill","Commission agent; Village traders","Price fluctuation; Lack of storage facility; Transportation cost; Low Price","7500","0","State Department of Agriculture; KVK; Agri University; Other: Sugar Mill","Pradhan Mantri Kisan Samman Nidhi Yojana; Pradhan Mantri Fasal Bima Yojana; Kisan Credit Card (KCC) Scheme; Pradhan Mantri Krishi Sinchai Yojana; RKVY (RAFTAAR); Mission for Integrated Development of Horticulture; Sub-Mission on Agriculture Mechanization",,,"No",,"No",,"1","2","Yes","Yes","6000","18000","24000","Yes","District level Health Centre; Private Health Centre",,"More than 5 Km","Malaria; Diarrheal disease; Respiratory infection; Vector borne diseases (dengue, chikungunya, Zika); Skin infection (fungal, scabies); Anemia; Eye infection; Other: Cancer","Yes","Yes","Yes","Yes","Yes","No","Yes","Yes","Yes","Ayushman Bharat - PM Jan Arogya Yojana (PM-JAY); Swachh Bharat Abhiyan; Pradhan Mantri Surakshit Matritva Abhiyan; National Nutrition Mission (Poshan Abhiyaan); Rashtriya Swasthya Bima Yojana (RSBY); Jal Jeevan Mission (JJM); PM-KUSUM Scheme; Bharat VISTAAR; National Livestock Mission (NLM); Mission for Integrated Development of Horticulture (MIDH); Pradhan Mantri Matsya Sampada Yojana (PMMSY); National Beekeeping & Honey Mission (NBHM); eNAM (National Agriculture Market); Soil Health Card Scheme",,"Yes","Yes",
"d4a49939-17d7-41c0-89c3-ca51ed539582","submitted","ICRO/2026/20260800809","Pankaj kumar ","2026-08-24","2026-09-03T20:23:46.463+00:00","Durgesh Kumar ","Seshauni","Sadar","Mujaffarnagar ","Uttar Pradesh ","29.544505, 77.716943","9536460691","High School","Male","OBC","1","1",,"Tubewell; River","Sugarcane ","1","400","","","","","","","Sugarcane","1","400","","","","","","","No",,,"Adopted","Adopted","Aware but not adopted","Aware but not adopted",,,"Adopted","Adopted","Adopted","Adopted","Adopted","Adopted","Adopted","Adopted","Aware but not adopted","Adopted","Rotavator; Seed drill; Sprayer; Other","15000","Surface; Other: Flood irrigation","1200","Urea; DAP; SSP; MOP; FYM; Liquid Fertilizer; NPK; Micronutrient; Ammonium Sulphate","Cooperatives","Timely Availability; Inadequate Quantity; Other: Available not in time","6000","Chlorpyriphos 20% EC; Imidacloprid 17.8SL; Profenophos 50% EC; Quinalphos 25% EC; Mancozeb 75WP; Carbendazim 50WP; Fipronil 5% SC",,"Cooperatives","Technical Knowledge; Effectiveness","Yes","KCC","200000","No","Cooperative; Money Lender; Commercial Bank","High Interest Rates; Indifference from Bank/Cooperative","No",,,,,,,,"High Premium; Long Settlement Time","Regulated market-mandi; Nearby town; Other: Mill","Commission agent; Village traders","Price fluctuation; Lack of storage facility; Transportation cost; Low Price","7500","0","State Department of Agriculture; KVK; Agri University; Other: Sugar Mill","Pradhan Mantri Kisan Samman Nidhi Yojana; Pradhan Mantri Fasal Bima Yojana; Kisan Credit Card (KCC) Scheme; Pradhan Mantri Krishi Sinchai Yojana; RKVY (RAFTAAR); Mission for Integrated Development of Horticulture; Sub-Mission on Agriculture Mechanization",,,"No",,"No",,"1","2","Yes","Yes","6000","18000","24000","Yes","District level Health Centre; Private Health Centre",,"More than 5 Km","Malaria; Diarrheal disease; Respiratory infection; Vector borne diseases (dengue, chikungunya, Zika); Skin infection (fungal, scabies); Anemia; Eye infection; Other: Cancer","Yes","Yes","Yes","Yes","Yes","No","Yes","Yes","Yes","Ayushman Bharat - PM Jan Arogya Yojana (PM-JAY); Swachh Bharat Abhiyan; Pradhan Mantri Surakshit Matritva Abhiyan; National Nutrition Mission (Poshan Abhiyaan); Rashtriya Swasthya Bima Yojana (RSBY); Jal Jeevan Mission (JJM); PM-KUSUM Scheme; Bharat VISTAAR; National Livestock Mission (NLM); Mission for Integrated Development of Horticulture (MIDH); Pradhan Mantri Matsya Sampada Yojana (PMMSY); National Beekeeping & Honey Mission (NBHM); eNAM (National Agriculture Market); Soil Health Card Scheme",,"Yes","Yes",
"84b22693-4238-463d-b606-0c1752d5b6d5","submitted","ICRO/2026/20260800809","Pankaj kumar ","2026-08-24","2026-09-03T20:20:31.502+00:00","Shubodh kumar ","Rampur ","Muzaffarnagar ","Mujaffarnagar ","Uttar Pradesh ","29.544505, 77.716943","9897625020","High School","Male","General","6.5","6.5",,"Tubewell; River","Sugarcane ","6","2400","Wheat ","0.3","12","Sorghum ","0.2","7","Sugarcane","6","2400","Wheat","0.3","11","Sorghum","0.2","6","No",,,"Adopted","Adopted","Aware but not adopted","Aware but not adopted",,,"Adopted","Adopted","Adopted","Adopted","Adopted","Adopted","Adopted","Adopted","Aware but not adopted","Adopted","Rotavator; Seed drill; Sprayer; Other","15000","Surface; Other: Flood irrigation","1200","Urea; DAP; SSP; MOP; FYM; Liquid Fertilizer; NPK; Micronutrient; Ammonium Sulphate","Cooperatives","Timely Availability; Inadequate Quantity; Other: Available not in time","6000","Chlorpyriphos 20% EC; Imidacloprid 17.8SL; Profenophos 50% EC; Quinalphos 25% EC; Mancozeb 75WP; Carbendazim 50WP; Fipronil 5% SC",,"Cooperatives","Technical Knowledge; Effectiveness","Yes","KCC","200000","No","Cooperative; Money Lender; Commercial Bank","High Interest Rates; Indifference from Bank/Cooperative","No",,,,,,,,"High Premium; Long Settlement Time","Regulated market-mandi; Nearby town; Other: Mill","Commission agent; Village traders","Price fluctuation; Lack of storage facility; Transportation cost; Low Price","7500","0","State Department of Agriculture; KVK; Agri University; Other: Sugar Mill","Pradhan Mantri Kisan Samman Nidhi Yojana; Pradhan Mantri Fasal Bima Yojana; Kisan Credit Card (KCC) Scheme; Pradhan Mantri Krishi Sinchai Yojana; RKVY (RAFTAAR); Mission for Integrated Development of Horticulture; Sub-Mission on Agriculture Mechanization",,,"No",,"No",,"1","2","Yes","Yes","6000","18000","24000","Yes","District level Health Centre; Private Health Centre",,"More than 5 Km","Malaria; Diarrheal disease; Respiratory infection; Vector borne diseases (dengue, chikungunya, Zika); Skin infection (fungal, scabies); Anemia; Eye infection; Other: Cancer","Yes","Yes","Yes","Yes","Yes","No","Yes","Yes","Yes","Ayushman Bharat - PM Jan Arogya Yojana (PM-JAY); Swachh Bharat Abhiyan; Pradhan Mantri Surakshit Matritva Abhiyan; National Nutrition Mission (Poshan Abhiyaan); Rashtriya Swasthya Bima Yojana (RSBY); Jal Jeevan Mission (JJM); PM-KUSUM Scheme; Bharat VISTAAR; National Livestock Mission (NLM); Mission for Integrated Development of Horticulture (MIDH); Pradhan Mantri Matsya Sampada Yojana (PMMSY); National Beekeeping & Honey Mission (NBHM); eNAM (National Agriculture Market); Soil Health Card Scheme",,"Yes","Yes",
"bbb86e47-5d1d-47fe-80b4-c4788887360c","submitted","ICRO/2026/20260800809","Pankaj kumar ","2026-08-24","2026-09-03T20:18:26.433+00:00","Ramu thakur ","Rampur ","Muzaffarnagar ","Mujaffarnagar ","Uttar Pradesh ","29.544505, 77.716943","9761322744","Middle","Male","General","2.5","2.5",,"Tubewell; River","Sugarcane ","2","800","Wheat ","0.3","12","Sorghum ","0.2","7","Sugarcane","2","800","Wheat","0.3","11","Sorghum","0.2","6","No",,,"Adopted","Adopted","Aware but not adopted","Aware but not adopted",,,"Adopted","Adopted","Adopted","Adopted","Adopted","Adopted","Adopted","Adopted","Aware but not adopted","Adopted","Rotavator; Seed drill; Sprayer; Other","15000","Surface; Other: Flood irrigation","1200","Urea; DAP; SSP; MOP; FYM; Liquid Fertilizer; NPK; Micronutrient; Ammonium Sulphate","Cooperatives","Timely Availability; Inadequate Quantity; Other: Available not in time","6000","Chlorpyriphos 20% EC; Imidacloprid 17.8SL; Profenophos 50% EC; Quinalphos 25% EC; Mancozeb 75WP; Carbendazim 50WP; Fipronil 5% SC",,"Cooperatives","Technical Knowledge; Effectiveness","Yes","KCC","200000","No","Cooperative; Money Lender; Commercial Bank","High Interest Rates; Indifference from Bank/Cooperative","No",,,,,,,,"High Premium; Long Settlement Time","Regulated market-mandi; Nearby town; Other: Mill","Commission agent; Village traders","Price fluctuation; Lack of storage facility; Transportation cost; Low Price","7500","0","State Department of Agriculture; KVK; Agri University; Other: Sugar Mill","Pradhan Mantri Kisan Samman Nidhi Yojana; Pradhan Mantri Fasal Bima Yojana; Kisan Credit Card (KCC) Scheme; Pradhan Mantri Krishi Sinchai Yojana; RKVY (RAFTAAR); Mission for Integrated Development of Horticulture; Sub-Mission on Agriculture Mechanization",,,"No",,"No",,"1","2","Yes","Yes","6000","18000","24000","Yes","District level Health Centre; Private Health Centre",,"More than 5 Km","Malaria; Diarrheal disease; Respiratory infection; Vector borne diseases (dengue, chikungunya, Zika); Skin infection (fungal, scabies); Anemia; Eye infection; Other: Cancer","Yes","Yes","Yes","Yes","Yes","No","Yes","Yes","Yes","Ayushman Bharat - PM Jan Arogya Yojana (PM-JAY); Swachh Bharat Abhiyan; Pradhan Mantri Surakshit Matritva Abhiyan; National Nutrition Mission (Poshan Abhiyaan); Rashtriya Swasthya Bima Yojana (RSBY); Jal Jeevan Mission (JJM); PM-KUSUM Scheme; Bharat VISTAAR; National Livestock Mission (NLM); Mission for Integrated Development of Horticulture (MIDH); Pradhan Mantri Matsya Sampada Yojana (PMMSY); National Beekeeping & Honey Mission (NBHM); eNAM (National Agriculture Market); Soil Health Card Scheme",,"Yes","Yes",
"28ecdbc5-459f-4944-8fb2-e1a53b5be62d","submitted","ICRO/2026/20260800809","Pankaj kumar ","2026-08-24","2026-09-03T20:04:46.746+00:00","Mahesh Kumar ","Rampur ","Muzaffarnagar ","Mujaffarnagar ","Uttar Pradesh ","29.544505, 77.716943","8534928015","Inter","Male","General","5.5","5.5",,"Tubewell; River","Sugarcane ","5","2000","Wheat ","0.3","12","Sorghum ","0.2","7","Sugarcane","5","2000","Wheat","0.3","11","Sorghum","0.2","6","No",,,"Adopted","Adopted","Aware but not adopted","Aware but not adopted",,,"Adopted","Adopted","Adopted","Adopted","Adopted","Adopted","Adopted","Adopted","Aware but not adopted","Adopted","Rotavator; Seed drill; Sprayer; Other","15000","Surface; Other: Flood irrigation","1200","Urea; DAP; SSP; MOP; FYM; Liquid Fertilizer; NPK; Micronutrient; Ammonium Sulphate","Cooperatives","Timely Availability; Inadequate Quantity; Other: Available not in time","6000","Chlorpyriphos 20% EC; Imidacloprid 17.8SL; Profenophos 50% EC; Quinalphos 25% EC; Mancozeb 75WP; Carbendazim 50WP; Fipronil 5% SC",,"Cooperatives","Technical Knowledge; Effectiveness","Yes","KCC","200000","No","Cooperative; Money Lender; Commercial Bank","High Interest Rates; Indifference from Bank/Cooperative","No",,,,,,,,"High Premium; Long Settlement Time","Regulated market-mandi; Nearby town; Other: Mill","Commission agent; Village traders","Price fluctuation; Lack of storage facility; Transportation cost; Low Price","7500","0","State Department of Agriculture; KVK; Agri University; Other: Sugar Mill","Pradhan Mantri Kisan Samman Nidhi Yojana; Pradhan Mantri Fasal Bima Yojana; Kisan Credit Card (KCC) Scheme; Pradhan Mantri Krishi Sinchai Yojana; RKVY (RAFTAAR); Mission for Integrated Development of Horticulture; Sub-Mission on Agriculture Mechanization",,,"No",,"No",,"1","2","Yes","Yes","6000","18000","24000","Yes","District level Health Centre; Private Health Centre",,"More than 5 Km","Malaria; Diarrheal disease; Respiratory infection; Vector borne diseases (dengue, chikungunya, Zika); Skin infection (fungal, scabies); Anemia; Eye infection; Other: Cancer","Yes","Yes","Yes","Yes","Yes","No","Yes","Yes","Yes","Ayushman Bharat - PM Jan Arogya Yojana (PM-JAY); Swachh Bharat Abhiyan; Pradhan Mantri Surakshit Matritva Abhiyan; National Nutrition Mission (Poshan Abhiyaan); Rashtriya Swasthya Bima Yojana (RSBY); Jal Jeevan Mission (JJM); PM-KUSUM Scheme; Bharat VISTAAR; National Livestock Mission (NLM); Mission for Integrated Development of Horticulture (MIDH); Pradhan Mantri Matsya Sampada Yojana (PMMSY); National Beekeeping & Honey Mission (NBHM); eNAM (National Agriculture Market); Soil Health Card Scheme",,"Yes","Yes",
"825ca400-9301-4620-beb0-512442866a57","submitted","ICRO/2026/20260800809","Pankaj kumar ","2026-08-24","2026-09-03T20:01:18.568+00:00","Rajesh kumar singh ","Rampur ","Muzaffarnagar ","Mujaffarnagar ","Uttar Pradesh ","29.544505, 77.716943","9719373184","Inter","Male","General","3","3",,"Tubewell; River","Sugarcane ","3","1200","Wheat ",,,,,,,,,,,"",,,,"No",,,"Adopted","Adopted","Aware but not adopted","Aware but not adopted",,,"Adopted","Adopted","Adopted","Adopted","Adopted","Adopted","Adopted","Adopted","Aware but not adopted","Adopted","Rotavator; Seed drill; Sprayer; Other","15000","Surface; Other: Flood irrigation","1200","Urea; DAP; SSP; MOP; FYM; Liquid Fertilizer; NPK; Micronutrient; Ammonium Sulphate","Cooperatives","Timely Availability; Inadequate Quantity; Other: Available not in time","6000","Chlorpyriphos 20% EC; Imidacloprid 17.8SL; Profenophos 50% EC; Quinalphos 25% EC; Mancozeb 75WP; Carbendazim 50WP; Fipronil 5% SC",,"Cooperatives","Technical Knowledge; Effectiveness","Yes","KCC","200000","No","Cooperative; Money Lender; Commercial Bank","High Interest Rates; Indifference from Bank/Cooperative","No",,,,,,,,"High Premium; Long Settlement Time","Regulated market-mandi; Nearby town; Other: Mill","Commission agent; Village traders","Price fluctuation; Lack of storage facility; Transportation cost; Low Price","7500","0","State Department of Agriculture; KVK; Agri University; Other: Sugar Mill","Pradhan Mantri Kisan Samman Nidhi Yojana; Pradhan Mantri Fasal Bima Yojana; Kisan Credit Card (KCC) Scheme; Pradhan Mantri Krishi Sinchai Yojana; RKVY (RAFTAAR); Mission for Integrated Development of Horticulture; Sub-Mission on Agriculture Mechanization",,,"No",,"No",,"1","2","Yes","Yes","6000","18000","24000","Yes","District level Health Centre; Private Health Centre",,"More than 5 Km","Malaria; Diarrheal disease; Respiratory infection; Vector borne diseases (dengue, chikungunya, Zika); Skin infection (fungal, scabies); Anemia; Eye infection; Other: Cancer","Yes","Yes","Yes","Yes","Yes","No","Yes","Yes","Yes","Ayushman Bharat - PM Jan Arogya Yojana (PM-JAY); Swachh Bharat Abhiyan; Pradhan Mantri Surakshit Matritva Abhiyan; National Nutrition Mission (Poshan Abhiyaan); Rashtriya Swasthya Bima Yojana (RSBY); Jal Jeevan Mission (JJM); PM-KUSUM Scheme; Bharat VISTAAR; National Livestock Mission (NLM); Mission for Integrated Development of Horticulture (MIDH); Pradhan Mantri Matsya Sampada Yojana (PMMSY); National Beekeeping & Honey Mission (NBHM); eNAM (National Agriculture Market); Soil Health Card Scheme",,"Yes","Yes",
"107ccdc3-169e-41f9-a1c1-7107c16e2283","submitted","ICRO/2026/20260800809","Pankaj kumar ","2026-08-24","2026-09-03T19:58:39.334+00:00","Anuj Kumar ","Rampur ","Muzaffarnagar ","Mujaffarnagar ","Uttar Pradesh ","29.544505, 77.716943","9761780160","Inter","Male","General","0.8","0.8",,"Tubewell; River","Sugarcane ","0.8","350","Wheat ","","","","","","","","","","","12","","","","No",,,"Adopted","Adopted","Aware but not adopted","Aware but not adopted",,,"Adopted","Adopted","Adopted","Adopted","Adopted","Adopted","Adopted","Adopted","Aware but not adopted","Adopted","Rotavator; Seed drill; Sprayer; Other","15000","Surface; Other: Flood irrigation","1200","Urea; DAP; SSP; MOP; FYM; Liquid Fertilizer; NPK; Micronutrient; Ammonium Sulphate","Cooperatives","Timely Availability; Inadequate Quantity; Other: Available not in time","6000","Chlorpyriphos 20% EC; Imidacloprid 17.8SL; Profenophos 50% EC; Quinalphos 25% EC; Mancozeb 75WP; Carbendazim 50WP; Fipronil 5% SC",,"Cooperatives","Technical Knowledge; Effectiveness","Yes","KCC","600000","No","Cooperative; Money Lender; Commercial Bank","High Interest Rates; Indifference from Bank/Cooperative","No",,,,,,,,"High Premium; Long Settlement Time","Regulated market-mandi; Nearby town; Other: Mill","Commission agent; Village traders","Price fluctuation; Lack of storage facility; Transportation cost; Low Price","7500","0","State Department of Agriculture; KVK; Agri University; Other: Sugar Mill","Pradhan Mantri Kisan Samman Nidhi Yojana; Pradhan Mantri Fasal Bima Yojana; Kisan Credit Card (KCC) Scheme; Pradhan Mantri Krishi Sinchai Yojana; RKVY (RAFTAAR); Mission for Integrated Development of Horticulture; Sub-Mission on Agriculture Mechanization",,,"No",,"No",,"1","2","Yes","Yes","6000","18000","24000","Yes","District level Health Centre; Private Health Centre",,"More than 5 Km","Malaria; Diarrheal disease; Respiratory infection; Vector borne diseases (dengue, chikungunya, Zika); Skin infection (fungal, scabies); Anemia; Eye infection; Other: Cancer","Yes","Yes","Yes","Yes","Yes","No","Yes","Yes","Yes","Ayushman Bharat - PM Jan Arogya Yojana (PM-JAY); Swachh Bharat Abhiyan; Pradhan Mantri Surakshit Matritva Abhiyan; National Nutrition Mission (Poshan Abhiyaan); Rashtriya Swasthya Bima Yojana (RSBY); Jal Jeevan Mission (JJM); PM-KUSUM Scheme; Bharat VISTAAR; National Livestock Mission (NLM); Mission for Integrated Development of Horticulture (MIDH); Pradhan Mantri Matsya Sampada Yojana (PMMSY); National Beekeeping & Honey Mission (NBHM); eNAM (National Agriculture Market); Soil Health Card Scheme",,"Yes","Yes",
"f5722dd2-ea9f-439a-b5a7-25f71911a74f","submitted","ICRO/2026/20260800809","Pankaj kumar ","2026-08-24","2026-09-03T19:55:49.103+00:00","Pradeep Kumar ","Rampur ","Muzaffarnagar ","Mujaffarnagar ","Uttar Pradesh ","29.544505, 77.716943","969003053","Inter","Male","General","4.5","4.5",,"Tubewell; River","Sugarcane ","4","1600","Wheat ","0.3","12","Sorghum ","0.2","7","Sugarcane","4","1600","Wheat ","0.3","12","Sorghum","0.3","7","No",,,"Adopted","Adopted","Aware but not adopted","Aware but not adopted",,,"Adopted","Adopted","Adopted","Adopted","Adopted","Adopted","Adopted","Adopted","Aware but not adopted","Adopted","Rotavator; Seed drill; Sprayer; Other","15000","Surface; Other: Flood irrigation","1200","Urea; DAP; SSP; MOP; FYM; Liquid Fertilizer; NPK; Micronutrient; Ammonium Sulphate","Cooperatives","Timely Availability; Inadequate Quantity; Other: Available not in time","6000","Chlorpyriphos 20% EC; Imidacloprid 17.8SL; Profenophos 50% EC; Quinalphos 25% EC; Mancozeb 75WP; Carbendazim 50WP; Fipronil 5% SC",,"Cooperatives","Technical Knowledge; Effectiveness","Yes","KCC","600000","No","Cooperative; Money Lender; Commercial Bank","High Interest Rates; Indifference from Bank/Cooperative","No",,,,,,,,"High Premium; Long Settlement Time","Regulated market-mandi; Nearby town; Other: Mill","Commission agent; Village traders","Price fluctuation; Lack of storage facility; Transportation cost; Low Price","7500","0","State Department of Agriculture; KVK; Agri University; Other: Sugar Mill","Pradhan Mantri Kisan Samman Nidhi Yojana; Pradhan Mantri Fasal Bima Yojana; Kisan Credit Card (KCC) Scheme; Pradhan Mantri Krishi Sinchai Yojana; RKVY (RAFTAAR); Mission for Integrated Development of Horticulture; Sub-Mission on Agriculture Mechanization",,,"No",,"No",,"1","2","Yes","Yes","6000","18000","24000","Yes","District level Health Centre; Private Health Centre",,"More than 5 Km","Malaria; Diarrheal disease; Respiratory infection; Vector borne diseases (dengue, chikungunya, Zika); Skin infection (fungal, scabies); Anemia; Eye infection; Other: Cancer","Yes","Yes","Yes","Yes","Yes","No","Yes","Yes","Yes","Ayushman Bharat - PM Jan Arogya Yojana (PM-JAY); Swachh Bharat Abhiyan; Pradhan Mantri Surakshit Matritva Abhiyan; National Nutrition Mission (Poshan Abhiyaan); Rashtriya Swasthya Bima Yojana (RSBY); Jal Jeevan Mission (JJM); PM-KUSUM Scheme; Bharat VISTAAR; National Livestock Mission (NLM); Mission for Integrated Development of Horticulture (MIDH); Pradhan Mantri Matsya Sampada Yojana (PMMSY); National Beekeeping & Honey Mission (NBHM); eNAM (National Agriculture Market); Soil Health Card Scheme",,"Yes","Yes",
"a11d2087-ab8a-42ac-a033-a7356b75093e","submitted","ICRO/2026/20260800809","Pankaj kumar ","2026-08-24","2026-09-03T19:51:43.907+00:00","Ram Avtar Singh ","Rampur ","Muzaffarnagar ","Mujaffarnagar ","Uttar Pradesh ","29.544505, 77.716943","8865992986","High School","Male","General","0.8","0.8",,"Tubewell; River","Sugarcane ","0.8","400","","","","","","","","","","","","","","","","No",,,"Adopted","Adopted","Aware but not adopted","Aware but not adopted",,,"Adopted","Adopted","Adopted","Adopted","Adopted","Adopted","Adopted","Adopted","Aware but not adopted","Adopted","Rotavator; Seed drill; Sprayer","15000","Surface; Other: Flood irrigation","1200","Urea; DAP; SSP; MOP; FYM; Liquid Fertilizer; NPK; Micronutrient; Ammonium Sulphate","Cooperatives","Timely Availability; Inadequate Quantity; Other: Available not in time","6000","Chlorpyriphos 20% EC; Imidacloprid 17.8SL; Profenophos 50% EC; Quinalphos 25% EC; Mancozeb 75WP; Carbendazim 50WP; Fipronil 5% SC",,"Cooperatives","Technical Knowledge; Effectiveness","Yes","KCC","600000","No","Cooperative; Money Lender; Commercial Bank","High Interest Rates; Indifference from Bank/Cooperative","No",,,,,,,,"High Premium; Long Settlement Time","Regulated market-mandi; Nearby town; Other: Mill","Commission agent; Village traders","Price fluctuation; Lack of storage facility; Transportation cost; Low Price","7500","0","State Department of Agriculture; KVK; Agri University; Other: Sugar Mill","Pradhan Mantri Kisan Samman Nidhi Yojana; Pradhan Mantri Fasal Bima Yojana; Kisan Credit Card (KCC) Scheme; Pradhan Mantri Krishi Sinchai Yojana; RKVY (RAFTAAR); Mission for Integrated Development of Horticulture; Sub-Mission on Agriculture Mechanization",,,"No",,"No",,"1","2","Yes","Yes","6000","18000","24000","Yes","District level Health Centre; Private Health Centre",,"More than 5 Km","Malaria; Diarrheal disease; Respiratory infection; Vector borne diseases (dengue, chikungunya, Zika); Skin infection (fungal, scabies); Anemia; Eye infection; Other: Cancer","Yes","Yes","Yes","Yes","Yes","No","Yes","Yes","Yes","Ayushman Bharat - PM Jan Arogya Yojana (PM-JAY); Swachh Bharat Abhiyan; Pradhan Mantri Surakshit Matritva Abhiyan; National Nutrition Mission (Poshan Abhiyaan); Rashtriya Swasthya Bima Yojana (RSBY); Jal Jeevan Mission (JJM); PM-KUSUM Scheme; Bharat VISTAAR; National Livestock Mission (NLM); Mission for Integrated Development of Horticulture (MIDH); Pradhan Mantri Matsya Sampada Yojana (PMMSY); National Beekeeping & Honey Mission (NBHM); eNAM (National Agriculture Market); Soil Health Card Scheme",,"Yes","Yes",
"0b40258f-2fcc-41d6-9a6b-0c73333c0f9e","submitted","ICRO/2026/20260800809","Pankaj kumar ","2026-08-24","2026-09-03T19:46:29.151+00:00","Sonu thakur ","Rampur ","Muzaffarnagar ","Mujaffarnagar ","Uttar Pradesh ","29.544505, 77.716943","9997658452","High School","Male","General","2.5","2.5",,"Tubewell; River","Sugarcane ","2","800","Wheat ","0.3","11","Sorghum ","0.2","7","Sugarcane","2","800","Wheat ","0.3","11","Sorghum","0.2","7","No",,,"Adopted","Adopted","Aware but not adopted","Aware but not adopted",,,"Adopted","Adopted","Adopted","Adopted","Adopted","Adopted","Adopted","Adopted","Aware but not adopted","Adopted","Rotavator; Seed drill; Sprayer","15000","Surface; Other: Flood irrigation","1200","Urea; DAP; SSP; MOP; FYM; Liquid Fertilizer; NPK; Micronutrient; Ammonium Sulphate","Cooperatives","Timely Availability; Inadequate Quantity; Other: Available not in time","6000","Chlorpyriphos 20% EC; Imidacloprid 17.8SL; Profenophos 50% EC; Quinalphos 25% EC; Mancozeb 75WP; Carbendazim 50WP; Fipronil 5% SC",,"Cooperatives","Technical Knowledge; Effectiveness","Yes","KCC","600000","No","Cooperative; Money Lender; Commercial Bank","High Interest Rates; Indifference from Bank/Cooperative","No",,,,,,,,"High Premium; Long Settlement Time","Regulated market-mandi; Nearby town; Other: Mill","Commission agent; Village traders","Price fluctuation; Lack of storage facility; Transportation cost; Low Price","7500","0","State Department of Agriculture; KVK; Agri University; Other: Sugar Mill","Pradhan Mantri Kisan Samman Nidhi Yojana; Pradhan Mantri Fasal Bima Yojana; Kisan Credit Card (KCC) Scheme; Pradhan Mantri Krishi Sinchai Yojana; RKVY (RAFTAAR); Mission for Integrated Development of Horticulture; Sub-Mission on Agriculture Mechanization",,,"No",,"No",,"0","3","Yes","Yes","6000","18000","24000","Yes","District level Health Centre; Private Health Centre",,"More than 5 Km","Malaria; Diarrheal disease; Respiratory infection; Vector borne diseases (dengue, chikungunya, Zika); Skin infection (fungal, scabies); Anemia; Eye infection; Other: Cancer","Yes","Yes","Yes","Yes","Yes","No","Yes","Yes","Yes","Ayushman Bharat - PM Jan Arogya Yojana (PM-JAY); Swachh Bharat Abhiyan; Pradhan Mantri Surakshit Matritva Abhiyan; National Nutrition Mission (Poshan Abhiyaan); Rashtriya Swasthya Bima Yojana (RSBY); Jal Jeevan Mission (JJM); PM-KUSUM Scheme; Bharat VISTAAR; National Livestock Mission (NLM); Mission for Integrated Development of Horticulture (MIDH); Pradhan Mantri Matsya Sampada Yojana (PMMSY); National Beekeeping & Honey Mission (NBHM); eNAM (National Agriculture Market); Soil Health Card Scheme",,"Yes","Yes",
"14abfcfa-2b23-4a85-b390-a78cbbfedc4a","submitted","ICRO/2026/20260800809","Pankaj kumar ","2026-08-24","2026-09-03T19:41:01.477+00:00","Manoj kumar ","Rampur ","Muzaffarnagar ","Mujaffarnagar ","Uttar Pradesh ","29.544505, 77.716943","8445218532","High School","Male","General","1","1",,"Tubewell; River","Sugarcane ","1","400","Wheat ","","","","","","","","","","","","","","","No",,,"Adopted","Adopted","Aware but not adopted","Aware but not adopted",,,"Adopted","Adopted","Adopted","Adopted","Adopted","Adopted","Adopted","Adopted","Aware but not adopted","Adopted","Rotavator; Seed drill; Sprayer","15000","Surface; Other: Flood irrigation","1200","Urea; DAP; SSP; MOP; FYM; Liquid Fertilizer; NPK; Micronutrient; Ammonium Sulphate","Cooperatives","Timely Availability; Inadequate Quantity; Other: Available not in time","6000","Chlorpyriphos 20% EC; Imidacloprid 17.8SL; Profenophos 50% EC; Quinalphos 25% EC; Mancozeb 75WP; Carbendazim 50WP; Fipronil 5% SC",,"Cooperatives","Technical Knowledge; Effectiveness","Yes","KCC","600000","No","Cooperative; Money Lender; Commercial Bank","High Interest Rates; Indifference from Bank/Cooperative","No",,,,,,,,"High Premium; Long Settlement Time","Regulated market-mandi; Nearby town; Other: Mill","Commission agent; Village traders","Price fluctuation; Lack of storage facility; Transportation cost; Low Price","7500","0","State Department of Agriculture; KVK; Agri University; Other: Sugar Mill","Pradhan Mantri Kisan Samman Nidhi Yojana; Pradhan Mantri Fasal Bima Yojana; Kisan Credit Card (KCC) Scheme; Pradhan Mantri Krishi Sinchai Yojana; RKVY (RAFTAAR); Mission for Integrated Development of Horticulture; Sub-Mission on Agriculture Mechanization",,,"No",,"No",,"0","3","Yes","Yes","6000","18000","24000","Yes","District level Health Centre; Private Health Centre",,"More than 5 Km","Malaria; Diarrheal disease; Respiratory infection; Vector borne diseases (dengue, chikungunya, Zika); Skin infection (fungal, scabies); Anemia; Eye infection; Other: Cancer","Yes","Yes","Yes","Yes","Yes","No","Yes","Yes","Yes","Ayushman Bharat - PM Jan Arogya Yojana (PM-JAY); Swachh Bharat Abhiyan; Pradhan Mantri Surakshit Matritva Abhiyan; National Nutrition Mission (Poshan Abhiyaan); Rashtriya Swasthya Bima Yojana (RSBY); Jal Jeevan Mission (JJM); PM-KUSUM Scheme; Bharat VISTAAR; National Livestock Mission (NLM); Mission for Integrated Development of Horticulture (MIDH); Pradhan Mantri Matsya Sampada Yojana (PMMSY); National Beekeeping & Honey Mission (NBHM); eNAM (National Agriculture Market); Soil Health Card Scheme",,"Yes","Yes",
"533a2eb0-ffdb-464a-81b1-461de56c42d7","submitted","ICRO/2026/20260800809","Pankaj kumar ","2026-08-24","2026-09-03T19:38:10.053+00:00","Vinod Kumar ","Rampur ","Muzaffarnagar ","Mujaffarnagar ","Uttar Pradesh ","29.544505, 77.716943","9634917168","Inter","Male","General","7.5","7.5",,"Tubewell; River","Sugarcane ","7","2800","Wheat ","0.3","11","Sorghum ","0.2","7","Sugarcane","7","2800","Wheat ","0.3","11","Sorghum ","0.2","7","No",,,"Adopted","Adopted","Aware but not adopted","Aware but not adopted",,,"Adopted","Adopted","Adopted","Adopted","Adopted","Adopted","Adopted","Adopted","Aware but not adopted","Adopted","Rotavator; Seed drill; Sprayer","15000","Surface; Other: Flood irrigation","1200","Urea; DAP; SSP; MOP; FYM; Liquid Fertilizer; NPK; Micronutrient; Ammonium Sulphate","Cooperatives","Timely Availability; Inadequate Quantity; Other: Available not in time","6000","Chlorpyriphos 20% EC; Imidacloprid 17.8SL; Profenophos 50% EC; Quinalphos 25% EC; Mancozeb 75WP; Carbendazim 50WP; Fipronil 5% SC",,"Cooperatives","Technical Knowledge; Effectiveness","Yes","KCC","600000","No","Cooperative; Money Lender; Commercial Bank","High Interest Rates; Indifference from Bank/Cooperative","No",,,,,,,,"High Premium; Long Settlement Time","Regulated market-mandi; Nearby town; Other: Mill","Commission agent; Village traders","Price fluctuation; Lack of storage facility; Transportation cost; Low Price","7500","0","State Department of Agriculture; KVK; Agri University; Other: Sugar Mill","Pradhan Mantri Kisan Samman Nidhi Yojana; Pradhan Mantri Fasal Bima Yojana; Kisan Credit Card (KCC) Scheme; Pradhan Mantri Krishi Sinchai Yojana; RKVY (RAFTAAR); Mission for Integrated Development of Horticulture; Sub-Mission on Agriculture Mechanization",,,"No",,"No",,"1","3","Yes","Yes","6000","18000","24000","Yes","District level Health Centre; Private Health Centre",,"More than 5 Km","Malaria; Diarrheal disease; Respiratory infection; Vector borne diseases (dengue, chikungunya, Zika); Skin infection (fungal, scabies); Anemia; Eye infection; Other: Cancer","Yes","Yes","Yes","Yes","Yes","No","Yes","Yes","Yes","Ayushman Bharat - PM Jan Arogya Yojana (PM-JAY); Swachh Bharat Abhiyan; Pradhan Mantri Surakshit Matritva Abhiyan; National Nutrition Mission (Poshan Abhiyaan); Rashtriya Swasthya Bima Yojana (RSBY); Jal Jeevan Mission (JJM); PM-KUSUM Scheme; Bharat VISTAAR; National Livestock Mission (NLM); Mission for Integrated Development of Horticulture (MIDH); Pradhan Mantri Matsya Sampada Yojana (PMMSY); National Beekeeping & Honey Mission (NBHM); eNAM (National Agriculture Market); Soil Health Card Scheme",,"Yes","Yes",
"43b7b5ed-126f-4762-a97b-341bae2903bc","submitted","ICRO/2026/20260800809","Pankaj kumar ","2026-08-24","2026-09-03T19:34:55.478+00:00","Sanjay Sharma ","Rampur ","Muzaffarnagar ","Mujaffarnagar ","Uttar Pradesh ","29.544505, 77.716943","9897523442","Inter","Male","General","7.5","7.5",,"Tubewell; River","Sugarcane ","7","2800","Wheat ","0.3","11","Sorghum ","0.2","7","Sugarcane","7","2800","Wheat ","0.3","11","Sorghum ","0.2","7","No",,,"Adopted","Adopted","Aware but not adopted","Aware but not adopted",,,"Adopted","Adopted","Adopted","Adopted","Adopted","Adopted","Adopted","Adopted","Aware but not adopted","Adopted","Rotavator; Seed drill; Sprayer","15000","Surface; Other: Flood irrigation","1200","Urea; DAP; SSP; MOP; FYM; Liquid Fertilizer; NPK; Micronutrient; Ammonium Sulphate","Cooperatives","Timely Availability; Inadequate Quantity; Other: Available not in time","6000","Chlorpyriphos 20% EC; Imidacloprid 17.8SL; Profenophos 50% EC; Quinalphos 25% EC; Mancozeb 75WP; Carbendazim 50WP; Fipronil 5% SC",,"Cooperatives","Technical Knowledge; Effectiveness","Yes","KCC","600000","No","Cooperative; Money Lender; Commercial Bank","High Interest Rates; Indifference from Bank/Cooperative","No",,,,,,,,"High Premium; Long Settlement Time","Regulated market-mandi; Nearby town; Other: Mill","Commission agent; Village traders","Price fluctuation; Lack of storage facility; Transportation cost; Low Price","7500","0","State Department of Agriculture; KVK; Agri University; Other: Sugar Mill","Pradhan Mantri Kisan Samman Nidhi Yojana; Pradhan Mantri Fasal Bima Yojana; Kisan Credit Card (KCC) Scheme; Pradhan Mantri Krishi Sinchai Yojana; RKVY (RAFTAAR); Mission for Integrated Development of Horticulture; Sub-Mission on Agriculture Mechanization",,,"No",,"No",,"1","3","Yes","Yes","6000","18000","24000","Yes","District level Health Centre; Private Health Centre",,"More than 5 Km","Malaria; Diarrheal disease; Respiratory infection; Vector borne diseases (dengue, chikungunya, Zika); Skin infection (fungal, scabies); Anemia; Eye infection; Other: Cancer","Yes","Yes","Yes","Yes","Yes","No","Yes","Yes","Yes","Ayushman Bharat - PM Jan Arogya Yojana (PM-JAY); Swachh Bharat Abhiyan; Pradhan Mantri Surakshit Matritva Abhiyan; National Nutrition Mission (Poshan Abhiyaan); Rashtriya Swasthya Bima Yojana (RSBY); Jal Jeevan Mission (JJM); PM-KUSUM Scheme; Bharat VISTAAR; National Livestock Mission (NLM); Mission for Integrated Development of Horticulture (MIDH); Pradhan Mantri Matsya Sampada Yojana (PMMSY); National Beekeeping & Honey Mission (NBHM); eNAM (National Agriculture Market); Soil Health Card Scheme",,"Yes","Yes",
"6726a654-7be2-4e11-bca0-928881a763f1","submitted","ICRO/2026/20260800809","Pankaj kumar ","2026-08-24","2026-09-03T19:31:57.233+00:00","Devdatt sharma ","Rampur ","Muzaffarnagar ","Mujaffarnagar ","Uttar Pradesh ","29.544505, 77.716943","9761779750","Primary","Male","General","3.5","3.5",,"Tubewell; River","Sugarcane ","3","1200","Wheat ","0.3","11","Sorghum ","0.2","7","Sugarcane","3","1200","Wheat ","0.3","11","Sorghum ","0.2","7","No",,,"Adopted","Adopted","Aware but not adopted","Aware but not adopted",,,"Adopted","Adopted","Adopted","Adopted","Adopted","Adopted","Adopted","Adopted","Aware but not adopted","Adopted","Rotavator; Seed drill; Sprayer","15000","Surface; Other: Flood irrigation","1200","Urea; DAP; SSP; MOP; FYM; Liquid Fertilizer; NPK; Micronutrient; Ammonium Sulphate","Cooperatives","Timely Availability; Inadequate Quantity; Other: Available not in time","6000","Chlorpyriphos 20% EC; Imidacloprid 17.8SL; Profenophos 50% EC; Quinalphos 25% EC; Mancozeb 75WP; Carbendazim 50WP; Fipronil 5% SC",,"Cooperatives","Technical Knowledge; Effectiveness","Yes","KCC","600000","No","Cooperative; Money Lender; Commercial Bank","High Interest Rates; Indifference from Bank/Cooperative","No",,,,,,,,"High Premium; Long Settlement Time","Regulated market-mandi; Nearby town; Other: Mill","Commission agent; Village traders","Price fluctuation; Lack of storage facility; Transportation cost; Low Price","7500","0","State Department of Agriculture; KVK; Agri University; Other: Sugar Mill","Pradhan Mantri Kisan Samman Nidhi Yojana; Pradhan Mantri Fasal Bima Yojana; Kisan Credit Card (KCC) Scheme; Pradhan Mantri Krishi Sinchai Yojana; RKVY (RAFTAAR); Mission for Integrated Development of Horticulture; Sub-Mission on Agriculture Mechanization",,,"No",,"No",,"1","3","Yes","Yes","6000","18000","24000","Yes","District level Health Centre; Private Health Centre",,"More than 5 Km","Malaria; Diarrheal disease; Respiratory infection; Vector borne diseases (dengue, chikungunya, Zika); Skin infection (fungal, scabies); Anemia; Eye infection; Other: Cancer","Yes","Yes","Yes","Yes","Yes","No","Yes","Yes","Yes","Ayushman Bharat - PM Jan Arogya Yojana (PM-JAY); Swachh Bharat Abhiyan; Pradhan Mantri Surakshit Matritva Abhiyan; National Nutrition Mission (Poshan Abhiyaan); Rashtriya Swasthya Bima Yojana (RSBY); Jal Jeevan Mission (JJM); PM-KUSUM Scheme; Bharat VISTAAR; National Livestock Mission (NLM); Mission for Integrated Development of Horticulture (MIDH); Pradhan Mantri Matsya Sampada Yojana (PMMSY); National Beekeeping & Honey Mission (NBHM); eNAM (National Agriculture Market); Soil Health Card Scheme",,"Yes","Yes",
"cff853ed-5943-4baa-9113-2694ef237623","submitted","ICRO/2026/20260800809","Pankaj kumar ","2026-08-24","2026-09-03T19:28:08.88+00:00","Mahesh pal ","Rampur ","Muzaffarnagar ","Mujaffarnagar ","Uttar Pradesh ","29.544505, 77.716943","8532915214","Post Graduate","Male","General","42.5","42.5",,"Tubewell; River","Sugarcane ","42","16800","Wheat ","0.3","11","Sorghum ","0.2","7","Sugarcane","42","16800","Wheat ","0.3","11","Sorghum ","0.2","7","No",,,"Adopted","Adopted","Aware but not adopted","Aware but not adopted",,,"Adopted","Adopted","Adopted","Adopted","Adopted","Adopted","Adopted","Adopted","Aware but not adopted","Adopted","Rotavator; Seed drill; Sprayer","15000","Surface; Other: Flood irrigation","1200","Urea; DAP; SSP; MOP; FYM; Liquid Fertilizer; NPK; Micronutrient; Ammonium Sulphate","Cooperatives","Timely Availability; Inadequate Quantity; Other: Available not in time","6000","Chlorpyriphos 20% EC; Imidacloprid 17.8SL; Profenophos 50% EC; Quinalphos 25% EC; Mancozeb 75WP; Carbendazim 50WP; Fipronil 5% SC",,"Cooperatives","Technical Knowledge; Effectiveness","Yes","KCC","600000","No","Cooperative; Money Lender; Commercial Bank","High Interest Rates; Indifference from Bank/Cooperative","No",,,,,,,,"High Premium; Long Settlement Time","Regulated market-mandi; Nearby town; Other: Mill","Commission agent; Village traders","Price fluctuation; Lack of storage facility; Transportation cost; Low Price","7500","0","State Department of Agriculture; KVK; Agri University; Other: Sugar Mill","Pradhan Mantri Kisan Samman Nidhi Yojana; Pradhan Mantri Fasal Bima Yojana; Kisan Credit Card (KCC) Scheme; Pradhan Mantri Krishi Sinchai Yojana; RKVY (RAFTAAR); Mission for Integrated Development of Horticulture; Sub-Mission on Agriculture Mechanization",,,"No",,"No",,"1","3","Yes","Yes","6000","18000","24000","Yes","District level Health Centre; Private Health Centre",,"More than 5 Km","Malaria; Diarrheal disease; Respiratory infection; Vector borne diseases (dengue, chikungunya, Zika); Skin infection (fungal, scabies); Anemia; Eye infection; Other: Cancer","Yes","Yes","Yes","Yes","Yes","No","Yes","Yes","Yes","Ayushman Bharat - PM Jan Arogya Yojana (PM-JAY); Swachh Bharat Abhiyan; Pradhan Mantri Surakshit Matritva Abhiyan; National Nutrition Mission (Poshan Abhiyaan); Rashtriya Swasthya Bima Yojana (RSBY); Jal Jeevan Mission (JJM); PM-KUSUM Scheme; Bharat VISTAAR; National Livestock Mission (NLM); Mission for Integrated Development of Horticulture (MIDH); Pradhan Mantri Matsya Sampada Yojana (PMMSY); National Beekeeping & Honey Mission (NBHM); eNAM (National Agriculture Market); Soil Health Card Scheme",,"Yes","Yes",
"0cb3bf00-1e25-45b2-a5c6-689bd85d238d","submitted","ICRO/2026/20260800809","Pankaj kumar ","2026-08-24","2026-09-03T19:22:50.331+00:00","Mannu pal singh ","Rampur ","Muzaffarnagar ","Mujaffarnagar ","Uttar Pradesh ","29.544505, 77.716943","8279792589","High School","Male","General","3","3",,"Tubewell; River","Sugarcane ","2.5","900","Wheat ","0.3","11","Sorghum ","0.2","7","Sugarcane","2.5","900","Wheat ","0.3","11","Sorghum ","0.2","7","No",,,"Adopted","Adopted","Aware but not adopted","Aware but not adopted",,,"Adopted","Adopted","Adopted","Adopted","Adopted","Adopted","Adopted","Adopted","Aware but not adopted","Adopted","Rotavator; Seed drill; Sprayer","15000","Surface; Other: Flood irrigation","1200","Urea; DAP; SSP; MOP; FYM; Liquid Fertilizer; NPK; Micronutrient; Ammonium Sulphate","Cooperatives","Timely Availability; Inadequate Quantity; Other: Available not in time","6000","Chlorpyriphos 20% EC; Imidacloprid 17.8SL; Profenophos 50% EC; Quinalphos 25% EC; Mancozeb 75WP; Carbendazim 50WP; Fipronil 5% SC",,"Cooperatives","Technical Knowledge; Effectiveness","Yes","KCC","600000","No","Cooperative; Money Lender; Commercial Bank","High Interest Rates; Indifference from Bank/Cooperative","No",,,,,,,,"High Premium; Long Settlement Time","Regulated market-mandi; Nearby town; Other: Mill","Commission agent; Village traders","Price fluctuation; Lack of storage facility; Transportation cost; Low Price","7500","0","State Department of Agriculture; KVK; Agri University; Other: Sugar Mill","Pradhan Mantri Kisan Samman Nidhi Yojana; Pradhan Mantri Fasal Bima Yojana; Kisan Credit Card (KCC) Scheme; Pradhan Mantri Krishi Sinchai Yojana; RKVY (RAFTAAR); Mission for Integrated Development of Horticulture; Sub-Mission on Agriculture Mechanization",,,"No",,"No",,"1","3","Yes","Yes","6000","18000","24000","Yes","District level Health Centre; Private Health Centre",,"More than 5 Km","Malaria; Diarrheal disease; Respiratory infection; Vector borne diseases (dengue, chikungunya, Zika); Skin infection (fungal, scabies); Anemia; Eye infection; Other: Cancer","Yes","Yes","Yes","Yes","Yes","No","Yes","Yes","Yes","Ayushman Bharat - PM Jan Arogya Yojana (PM-JAY); Swachh Bharat Abhiyan; Pradhan Mantri Surakshit Matritva Abhiyan; National Nutrition Mission (Poshan Abhiyaan); Rashtriya Swasthya Bima Yojana (RSBY); Jal Jeevan Mission (JJM); PM-KUSUM Scheme; Bharat VISTAAR; National Livestock Mission (NLM); Mission for Integrated Development of Horticulture (MIDH); Pradhan Mantri Matsya Sampada Yojana (PMMSY); National Beekeeping & Honey Mission (NBHM); eNAM (National Agriculture Market); Soil Health Card Scheme",,"Yes","Yes",
"5ad20ccd-012e-4178-9995-70501c242b17","submitted","ICRO/2026/20260800809","Pankaj kumar ","2026-09-24","2026-09-03T19:19:36.266+00:00","Satendra sharma ","Rampur ","Muzaffarnagar ","Mujaffarnagar ","Uttar Pradesh ","29.544505, 77.716943","9639703101","High School","Male","General","1.5","1.5",,"Tubewell; River","Sugarcane ","1","300","Wheat ","0.3","11","Sorghum ","0.2","7","Sugarcane","1","278","Wheat ","0.3","11","Sorghum ","0.2","7","No",,,"Adopted","Adopted","Aware but not adopted","Aware but not adopted",,,"Adopted","Adopted","Adopted","Adopted","Adopted","Adopted","Adopted","Adopted","Aware but not adopted","Adopted","Rotavator; Seed drill; Sprayer","15000","Surface; Other: Flood irrigation","1200","Urea; DAP; SSP; MOP; FYM; Liquid Fertilizer; NPK; Micronutrient; Ammonium Sulphate","Cooperatives","Timely Availability; Inadequate Quantity; Other: Available not in time","6000","Chlorpyriphos 20% EC; Imidacloprid 17.8SL; Profenophos 50% EC; Quinalphos 25% EC; Mancozeb 75WP; Carbendazim 50WP; Fipronil 5% SC",,"Cooperatives","Technical Knowledge; Effectiveness","Yes","KCC","600000","No","Cooperative; Money Lender; Commercial Bank","High Interest Rates; Indifference from Bank/Cooperative","No",,,,,,,,"High Premium; Long Settlement Time","Regulated market-mandi; Nearby town; Other: Mill","Commission agent; Village traders","Price fluctuation; Lack of storage facility; Transportation cost; Low Price","7500","0","State Department of Agriculture; KVK; Agri University; Other: Sugar Mill","Pradhan Mantri Kisan Samman Nidhi Yojana; Pradhan Mantri Fasal Bima Yojana; Kisan Credit Card (KCC) Scheme; Pradhan Mantri Krishi Sinchai Yojana; RKVY (RAFTAAR); Mission for Integrated Development of Horticulture; Sub-Mission on Agriculture Mechanization",,,"No",,"No",,"1","3","Yes","Yes","6000","18000","24000","Yes","District level Health Centre; Private Health Centre",,"More than 5 Km","Malaria; Diarrheal disease; Respiratory infection; Vector borne diseases (dengue, chikungunya, Zika); Skin infection (fungal, scabies); Anemia; Eye infection; Other: Cancer","Yes","Yes","Yes","Yes","Yes","No","Yes","Yes","Yes","Ayushman Bharat - PM Jan Arogya Yojana (PM-JAY); Swachh Bharat Abhiyan; Pradhan Mantri Surakshit Matritva Abhiyan; National Nutrition Mission (Poshan Abhiyaan); Rashtriya Swasthya Bima Yojana (RSBY); Jal Jeevan Mission (JJM); PM-KUSUM Scheme; Bharat VISTAAR; National Livestock Mission (NLM); Mission for Integrated Development of Horticulture (MIDH); Pradhan Mantri Matsya Sampada Yojana (PMMSY); National Beekeeping & Honey Mission (NBHM); eNAM (National Agriculture Market); Soil Health Card Scheme",,"Yes","Yes",
"0143828e-84d0-4e10-9407-b3041f1ed553","submitted","ICRO/2026/20260800809","Pankaj kumar ","2026-08-25","2026-09-03T19:08:47.122+00:00","Rampal ","Maleera ","Charthawal ","Mujaffarnagar ","Uttar Pradesh ","29.544505, 77.716943","9720219708","Degree","Male","General","1","1",,"Tubewell","Sugarcane ","1","300","Wheat ","1","15","Sugarcane",,,"Sugarcane","1","278","Wheat ","0.2","11",,"1",,"No",,,"Adopted","Adopted","Aware but not adopted","Aware but not adopted",,,"Not aware","Adopted","Adopted","Adopted","Adopted","Adopted","Adopted","Adopted","Aware but not adopted","Adopted","Rotavator; Seed drill; Sprayer; Harvester","20000","Surface; Other: Flood irrigation","1200","Urea; DAP; SSP; MOP; FYM; Liquid Fertilizer; NPK; Micronutrient; Ammonium Sulphate","Cooperatives","Timely Availability; Inadequate Quantity; Other: Available not in time","3000","Chlorpyriphos 20% EC; Imidacloprid 17.8SL; Profenophos 50% EC; Quinalphos 25% EC; Mancozeb 75WP; Carbendazim 50WP; Fipronil 5% SC",,"Cooperatives","Technical Knowledge","Yes","KCC","600000","Yes","Cooperative; Money Lender; Commercial Bank","High Interest Rates; Indifference from Bank/Cooperative","No",,,,,,,,"High Premium; Long Settlement Time","Regulated market-mandi; Other: Mill","Farmer's Producer Organisations","Price fluctuation; Lack of storage facility","7500","0","Other: Sugar Mill","Pradhan Mantri Kisan Samman Nidhi Yojana; Pradhan Mantri Fasal Bima Yojana; Kisan Credit Card (KCC) Scheme; Pradhan Mantri Krishi Sinchai Yojana; RKVY (RAFTAAR); Mission for Integrated Development of Horticulture; Sub-Mission on Agriculture Mechanization",,,"No",,"No",,"1","3","Yes","Yes","6000","18000","24000","Yes","District level Health Centre; Government Primary Health Centre",,"More than 5 Km","Malaria; Other: Cancer","Yes","Yes","Yes","No","No","No","Yes","Yes","Yes","Ayushman Bharat - PM Jan Arogya Yojana (PM-JAY); Swachh Bharat Abhiyan; Pradhan Mantri Surakshit Matritva Abhiyan; National Nutrition Mission (Poshan Abhiyaan); Rashtriya Swasthya Bima Yojana (RSBY); Jal Jeevan Mission (JJM); PM-KUSUM Scheme; Bharat VISTAAR; National Livestock Mission (NLM); Mission for Integrated Development of Horticulture (MIDH); Pradhan Mantri Matsya Sampada Yojana (PMMSY); National Beekeeping & Honey Mission (NBHM); eNAM (National Agriculture Market); Soil Health Card Scheme",,"Yes","Yes",
"c12f62a7-abb3-47ec-aa8b-482b8370b43a","submitted","ICRO/2026/20260800809","Pankaj kumar ","2026-08-25","2026-09-03T19:05:59.504+00:00","Rishi pal ","Maleera ","Charthawal ","Mujaffarnagar ","Uttar Pradesh ","29.544505, 77.716943","9720219708","Degree","Male","General","1.2","1.2",,"Tubewell; Canal","Sugarcane ","1","300","Wheat ","0.5","15","Sugarcane",,,"Sugarcane","1","278","Wheat ","0.2","11",,"",,"No",,,"Adopted","Adopted","Aware but not adopted","Aware but not adopted",,,"Adopted","Adopted","Adopted","Adopted","Adopted","Adopted","Adopted","Adopted","Aware but not adopted","Adopted","Rotavator; Seed drill; Sprayer; Harvester","20000","Surface; Other: Flood irrigation","1200","Urea; DAP; SSP; MOP; FYM; Liquid Fertilizer; NPK; Micronutrient; Ammonium Sulphate","Cooperatives","Timely Availability; Inadequate Quantity; Other: Available not in time","3000","Chlorpyriphos 20% EC; Imidacloprid 17.8SL; Profenophos 50% EC; Quinalphos 25% EC; Mancozeb 75WP; Carbendazim 50WP; Fipronil 5% SC",,"Cooperatives","Technical Knowledge","Yes","KCC","60000","No","Cooperative; Money Lender; Commercial Bank","High Interest Rates; Indifference from Bank/Cooperative","No",,,,,,,,"High Premium; Long Settlement Time","Regulated market-mandi; Other: Mill","Farmer's Producer Organisations","Price fluctuation; Lack of storage facility","7500","0","State Department of Agriculture; KVK; Agri University; Agri Clinic Centres; Other: Sugar Mill","Pradhan Mantri Kisan Samman Nidhi Yojana; Pradhan Mantri Fasal Bima Yojana; Kisan Credit Card (KCC) Scheme; Pradhan Mantri Krishi Sinchai Yojana; RKVY (RAFTAAR); Mission for Integrated Development of Horticulture; Sub-Mission on Agriculture Mechanization",,,"No",,"No",,"1","5","Yes","Yes","6000","18000","24000","Yes","District level Health Centre; Government Primary Health Centre",,"More than 5 Km","Malaria; Other: Cancer","Yes","Yes","Yes","No","Yes","No","Yes","Yes","Yes","Ayushman Bharat - PM Jan Arogya Yojana (PM-JAY); Swachh Bharat Abhiyan; Pradhan Mantri Surakshit Matritva Abhiyan; National Nutrition Mission (Poshan Abhiyaan); Rashtriya Swasthya Bima Yojana (RSBY); Jal Jeevan Mission (JJM); PM-KUSUM Scheme; Bharat VISTAAR; National Livestock Mission (NLM); Mission for Integrated Development of Horticulture (MIDH); Pradhan Mantri Matsya Sampada Yojana (PMMSY); National Beekeeping & Honey Mission (NBHM); eNAM (National Agriculture Market); Soil Health Card Scheme",,"Yes","Yes",
"b6b3f6ba-f1e2-49d9-87c0-b31765cfb3e4","submitted","","Pankaj kumar ","2026-08-21","2026-08-21T20:51:35.918+00:00","Lakshman dutt","Akhlaur","Charthawal ","Mujaffarnagar ","Uttar Pradesh ","29.544505, 77.716943","8279325208","Middle","Male","General","1.2","1.2",,"Tubewell; Rain water; Canal","Sugarcane ","1","420","Wheat ","0.2","16",,,,"Sugarcane","1","420","Wheat ","0.2","16",,,,"No",,,"Adopted","Adopted","Aware but not adopted","Aware but not adopted",,,"Not aware","Adopted","Adopted","Adopted","Adopted","Adopted","Adopted","Adopted","Aware but not adopted","Adopted","Rotavator; Seed drill; Sprayer; Harvester","20000","Surface; Other: Flood irrigation","1200","Urea; DAP; SSP; MOP; FYM; Liquid Fertilizer; NPK; Micronutrient; Ammonium Sulphate","Cooperatives","Timely Availability; Inadequate Quantity; Other: Available not in time","3000","Chlorpyriphos 20% EC; Imidacloprid 17.8SL; Profenophos 50% EC; Quinalphos 25% EC; Mancozeb 75WP; Carbendazim 50WP; Fipronil 5% SC",,"Cooperatives","Technical Knowledge","Yes","KCC","600000","Yes","Cooperative; Money Lender; Commercial Bank","High Interest Rates; Indifference from Bank/Cooperative","No",,,,,,,,"High Premium; Long Settlement Time","Regulated market-mandi; Other: Mill","Farmer's Producer Organisations","Price fluctuation","7500","0","KVK; Other: Sugar Mill","Pradhan Mantri Kisan Samman Nidhi Yojana; Pradhan Mantri Fasal Bima Yojana; Kisan Credit Card (KCC) Scheme; Pradhan Mantri Krishi Sinchai Yojana; Mission for Integrated Development of Horticulture; Sub-Mission on Agriculture Mechanization",,,"No",,"No",,"1","3","Yes","Yes","6000","18000","24000","Yes","District level Health Centre; Government Primary Health Centre",,"More than 5 Km","Malaria; Gastrointestinal infection; Other: Cancer","Yes","Yes","Yes","No","No","No","Yes","Yes","Yes","Ayushman Bharat - PM Jan Arogya Yojana (PM-JAY); Swachh Bharat Abhiyan; Pradhan Mantri Surakshit Matritva Abhiyan; National Nutrition Mission (Poshan Abhiyaan); Rashtriya Swasthya Bima Yojana (RSBY); Jal Jeevan Mission (JJM); PM-KUSUM Scheme; Bharat VISTAAR; National Livestock Mission (NLM); Mission for Integrated Development of Horticulture (MIDH); Pradhan Mantri Matsya Sampada Yojana (PMMSY); National Beekeeping & Honey Mission (NBHM); eNAM (National Agriculture Market); Soil Health Card Scheme",,"No","Yes",
"60094cbc-c84d-4bc1-acbc-2019fe69ece0","submitted","","Pankaj kumar ","2026-08-21","2026-08-21T18:43:20.905+00:00","Vishnu dutt","Akhlaur","Charthawal ","Mujaffarnagar ","Uttar Pradesh ","29.544505, 77.716943","9027422160","Middle","Male","General","1.5","1.5",,"Tubewell; Rain water; Canal","Sugarcane ","1.4","420","Wheat ","0.1","16",,,,"Sugarcane","1.4","420","Wheat ","0.1","15",,,,"No",,,"Adopted","Adopted","Aware but not adopted","Aware but not adopted",,,"Not aware","Adopted","Adopted","Adopted","Adopted","Adopted","Adopted","Adopted","Aware but not adopted","Adopted","Rotavator; Seed drill; Sprayer; Harvester",,"Surface; Other: Flood irrigation","1200","Urea; DAP; SSP; MOP; FYM; Liquid Fertilizer; NPK; Micronutrient; Ammonium Sulphate","Cooperatives","Timely Availability; Inadequate Quantity; Other: Available not in time","3000","Chlorpyriphos 20% EC; Imidacloprid 17.8SL; Profenophos 50% EC; Quinalphos 25% EC; Mancozeb 75WP; Carbendazim 50WP; Fipronil 5% SC",,"Cooperatives","Technical Knowledge","Yes","KCC","600000","Yes","Cooperative; Money Lender; Commercial Bank","High Interest Rates; Indifference from Bank/Cooperative","No",,,,,,,,"High Premium; Long Settlement Time","Regulated market-mandi; Other: Mill","Farmer's Producer Organisations","Price fluctuation","7500","0","KVK; Other: Sugar Mill","Pradhan Mantri Kisan Samman Nidhi Yojana; Pradhan Mantri Fasal Bima Yojana; Kisan Credit Card (KCC) Scheme; Pradhan Mantri Krishi Sinchai Yojana; Mission for Integrated Development of Horticulture; Sub-Mission on Agriculture Mechanization",,,"No",,"No",,"1","5","Yes","Yes","6000","18000","24000","Yes","District level Health Centre; Government Primary Health Centre",,"More than 5 Km","Malaria; Gastrointestinal infection; Other: Cancer","Yes","Yes","Yes","No","No","No","Yes","Yes","Yes","Ayushman Bharat - PM Jan Arogya Yojana (PM-JAY); Swachh Bharat Abhiyan; Pradhan Mantri Surakshit Matritva Abhiyan; National Nutrition Mission (Poshan Abhiyaan); Rashtriya Swasthya Bima Yojana (RSBY); Jal Jeevan Mission (JJM); PM-KUSUM Scheme; Bharat VISTAAR; National Livestock Mission (NLM); Mission for Integrated Development of Horticulture (MIDH); Pradhan Mantri Matsya Sampada Yojana (PMMSY); National Beekeeping & Honey Mission (NBHM); eNAM (National Agriculture Market); Soil Health Card Scheme",,"No","Yes",
"033e0184-d6c8-4560-93de-c62b66bb416f","submitted","","Pankaj kumar ","2026-08-21","2026-08-21T18:41:02.731+00:00","Arun Singh ","Akhlaur","Charthawal ","Mujaffarnagar ","Uttar Pradesh ","29.544505, 77.716943","7500141673","Middle","Male","General","1.2","1.2",,"Tubewell; Rain water; Canal","Sugarcane ","1","420","Wheat ","0.2","17",,,,"Sugarcane","1","420","Wheat ","0.2","16",,,,"No",,,"Adopted","Adopted","Aware but not adopted","Aware but not adopted",,,"Not aware","Adopted","Adopted","Adopted","Adopted","Adopted","Adopted","Adopted","Aware but not adopted","Adopted","Rotavator; Seed drill; Sprayer; Harvester",,"Surface; Other: Flood irrigation","1200","Urea; DAP; SSP; MOP; FYM; Liquid Fertilizer; NPK; Micronutrient; Ammonium Sulphate","Cooperatives","Timely Availability; Inadequate Quantity; Other: Available not in time","3000","Chlorpyriphos 20% EC; Imidacloprid 17.8SL; Profenophos 50% EC; Quinalphos 25% EC; Mancozeb 75WP; Carbendazim 50WP; Fipronil 5% SC",,"Cooperatives","Technical Knowledge","Yes","KCC","600000","Yes","Cooperative; Money Lender; Commercial Bank","High Interest Rates; Indifference from Bank/Cooperative","No",,,,,,,,"High Premium; Long Settlement Time","Regulated market-mandi; Other: Mill","Farmer's Producer Organisations","Price fluctuation","7500","0","KVK; Other: Sugar Mill","Pradhan Mantri Kisan Samman Nidhi Yojana; Pradhan Mantri Fasal Bima Yojana; Kisan Credit Card (KCC) Scheme; Pradhan Mantri Krishi Sinchai Yojana; Mission for Integrated Development of Horticulture; Sub-Mission on Agriculture Mechanization",,,"No",,"No",,"1","5","Yes","Yes","6000","18000","24000","Yes","District level Health Centre; Government Primary Health Centre",,"More than 5 Km","Malaria; Gastrointestinal infection; Other: Cancer","Yes","Yes","Yes","No","No","No","Yes","Yes","Yes","Ayushman Bharat - PM Jan Arogya Yojana (PM-JAY); Swachh Bharat Abhiyan; Pradhan Mantri Surakshit Matritva Abhiyan; National Nutrition Mission (Poshan Abhiyaan); Rashtriya Swasthya Bima Yojana (RSBY); Jal Jeevan Mission (JJM); PM-KUSUM Scheme; Bharat VISTAAR; National Livestock Mission (NLM); Mission for Integrated Development of Horticulture (MIDH); Pradhan Mantri Matsya Sampada Yojana (PMMSY); National Beekeeping & Honey Mission (NBHM); eNAM (National Agriculture Market); Soil Health Card Scheme",,"No","Yes",
"5464a633-8bb6-4a81-a2a7-d33d467ae8d5","submitted","","Pankaj kumar ","2026-08-21","2026-08-21T18:39:52.212+00:00","Arjun Singh ","Akhlaur","Charthawal ","Mujaffarnagar ","Uttar Pradesh ","29.544505, 77.716943","9027422160","Primary","Male","General","1.2","1.2",,"Tubewell; Rain water; Canal","Sugarcane ","1","420","Wheat ","0.2","17",,,,"Sugarcane","1","420","Wheat ","0.2","16",,,,"No",,,"Adopted","Adopted","Aware but not adopted","Aware but not adopted",,,"Not aware","Adopted","Adopted","Adopted","Adopted","Adopted","Adopted","Adopted","Aware but not adopted","Adopted","Rotavator; Seed drill; Sprayer; Harvester",,"Surface; Other: Flood irrigation","1200","Urea; DAP; SSP; MOP; FYM; Liquid Fertilizer; NPK; Micronutrient; Ammonium Sulphate","Cooperatives","Timely Availability; Inadequate Quantity; Other: Available not in time","3000","Chlorpyriphos 20% EC; Imidacloprid 17.8SL; Profenophos 50% EC; Quinalphos 25% EC; Mancozeb 75WP; Carbendazim 50WP; Fipronil 5% SC",,"Cooperatives","Technical Knowledge","Yes","KCC","600000","Yes","Cooperative; Money Lender; Commercial Bank","High Interest Rates; Indifference from Bank/Cooperative","No",,,,,,,,"High Premium; Long Settlement Time","Regulated market-mandi; Other: Mill","Farmer's Producer Organisations","Price fluctuation","7500","0","KVK; Other: Sugar Mill","Pradhan Mantri Kisan Samman Nidhi Yojana; Pradhan Mantri Fasal Bima Yojana; Kisan Credit Card (KCC) Scheme; Pradhan Mantri Krishi Sinchai Yojana; Mission for Integrated Development of Horticulture; Sub-Mission on Agriculture Mechanization",,,"No",,"No",,"1","5","Yes","Yes","6000","18000","24000","Yes","District level Health Centre; Government Primary Health Centre",,"More than 5 Km","Malaria; Gastrointestinal infection; Other: Cancer","Yes","Yes","Yes","No","No","No","Yes","Yes","Yes","Ayushman Bharat - PM Jan Arogya Yojana (PM-JAY); Swachh Bharat Abhiyan; Pradhan Mantri Surakshit Matritva Abhiyan; National Nutrition Mission (Poshan Abhiyaan); Rashtriya Swasthya Bima Yojana (RSBY); Jal Jeevan Mission (JJM); PM-KUSUM Scheme; Bharat VISTAAR; National Livestock Mission (NLM); Mission for Integrated Development of Horticulture (MIDH); Pradhan Mantri Matsya Sampada Yojana (PMMSY); National Beekeeping & Honey Mission (NBHM); eNAM (National Agriculture Market); Soil Health Card Scheme",,"No","Yes",
"d44e1b9b-60b3-4af7-9923-fd04fb395f17","submitted","","Pankaj kumar ","2026-08-21","2026-08-21T18:37:45.138+00:00","Yogesh devi ","Akhlaur","Charthawal ","Mujaffarnagar ","Uttar Pradesh ","29.544505, 77.716943","8979063121","High School","Female","General","1.5","1.5",,"Tubewell; Rain water; Canal","Sugarcane ","1.4","420","Wheat ","0.1","17",,,,"Sugarcane","1.4","420","Wheat ","0.1","16",,,,"No",,,"Adopted","Adopted","Aware but not adopted","Aware but not adopted",,,"Not aware","Adopted","Adopted","Adopted","Adopted","Adopted","Adopted","Adopted","Aware but not adopted","Adopted","Rotavator; Seed drill; Sprayer; Harvester",,"Surface; Other: Flood irrigation","1200","Urea; DAP; SSP; MOP; FYM; Liquid Fertilizer; NPK; Micronutrient; Ammonium Sulphate","Cooperatives","Timely Availability; Inadequate Quantity; Other: Available not in time","3000","Chlorpyriphos 20% EC; Imidacloprid 17.8SL; Profenophos 50% EC; Quinalphos 25% EC; Mancozeb 75WP; Carbendazim 50WP; Fipronil 5% SC",,"Cooperatives","Technical Knowledge","Yes","KCC","600000","Yes","Cooperative; Money Lender; Commercial Bank","High Interest Rates; Indifference from Bank/Cooperative","No",,,,,,,,"High Premium; Long Settlement Time","Regulated market-mandi; Other: Mill","Farmer's Producer Organisations","Price fluctuation","7500","0","KVK; Other: Sugar Mill","Pradhan Mantri Kisan Samman Nidhi Yojana; Pradhan Mantri Fasal Bima Yojana; Kisan Credit Card (KCC) Scheme; Pradhan Mantri Krishi Sinchai Yojana; Mission for Integrated Development of Horticulture; Sub-Mission on Agriculture Mechanization",,,"No",,"No",,"1","5","Yes","Yes","6000","18000","24000","Yes","District level Health Centre; Government Primary Health Centre",,"More than 5 Km","Malaria; Gastrointestinal infection; Other: Cancer","Yes","Yes","Yes","No","No","No","Yes","Yes","Yes","Ayushman Bharat - PM Jan Arogya Yojana (PM-JAY); Swachh Bharat Abhiyan; Pradhan Mantri Surakshit Matritva Abhiyan; National Nutrition Mission (Poshan Abhiyaan); Rashtriya Swasthya Bima Yojana (RSBY); Jal Jeevan Mission (JJM); PM-KUSUM Scheme; Bharat VISTAAR; National Livestock Mission (NLM); Mission for Integrated Development of Horticulture (MIDH); Pradhan Mantri Matsya Sampada Yojana (PMMSY); National Beekeeping & Honey Mission (NBHM); eNAM (National Agriculture Market); Soil Health Card Scheme",,"No","Yes",
"84d14538-62fe-4a7d-b93b-8d2e88d9fce9","submitted","","Pankaj kumar ","2026-08-21","2026-08-21T18:35:25.675+00:00","Rakesh tyagi ","Akhlaur","Charthawal ","Mujaffarnagar ","Uttar Pradesh ","29.544505, 77.716943","8979063121","High School","Male","General","4","4",,"Tubewell; Rain water; Canal","Sugarcane ","3.7","410","Wheat ","0.3","16",,,,"Sugarcane","3.7","410","Wheat ","0.3","16",,,,"No",,,"Adopted","Adopted","Aware but not adopted","Aware but not adopted",,,"Not aware","Adopted","Adopted","Adopted","Adopted","Adopted","Adopted","Adopted","Aware but not adopted","Adopted","Rotavator; Seed drill; Sprayer; Harvester",,"Surface; Other: Flood irrigation","1200","Urea; DAP; SSP; MOP; FYM; Liquid Fertilizer; NPK; Micronutrient; Ammonium Sulphate","Cooperatives","Timely Availability; Inadequate Quantity; Other: Available not in time","3000","Chlorpyriphos 20% EC; Imidacloprid 17.8SL; Profenophos 50% EC; Quinalphos 25% EC; Mancozeb 75WP; Carbendazim 50WP; Fipronil 5% SC",,"Cooperatives","Technical Knowledge","Yes","KCC","600000","Yes","Cooperative; Money Lender; Commercial Bank","High Interest Rates; Indifference from Bank/Cooperative","No",,,,,,,,"High Premium; Long Settlement Time","Regulated market-mandi; Other: Mill","Farmer's Producer Organisations","Price fluctuation","7500","0","KVK; Other: Sugar Mill","Pradhan Mantri Kisan Samman Nidhi Yojana; Pradhan Mantri Fasal Bima Yojana; Kisan Credit Card (KCC) Scheme; Pradhan Mantri Krishi Sinchai Yojana; Mission for Integrated Development of Horticulture; Sub-Mission on Agriculture Mechanization",,,"No",,"No",,"1","5","Yes","Yes","6000","18000","24000","Yes","District level Health Centre; Government Primary Health Centre",,"More than 5 Km","Malaria; Gastrointestinal infection; Other: Cancer","Yes","Yes","Yes","No","No","No","Yes","Yes","Yes","Ayushman Bharat - PM Jan Arogya Yojana (PM-JAY); Swachh Bharat Abhiyan; Pradhan Mantri Surakshit Matritva Abhiyan; National Nutrition Mission (Poshan Abhiyaan); Rashtriya Swasthya Bima Yojana (RSBY); Jal Jeevan Mission (JJM); PM-KUSUM Scheme; Bharat VISTAAR; National Livestock Mission (NLM); Mission for Integrated Development of Horticulture (MIDH); Pradhan Mantri Matsya Sampada Yojana (PMMSY); National Beekeeping & Honey Mission (NBHM); eNAM (National Agriculture Market); Soil Health Card Scheme",,"No","Yes",
"e808306a-6755-4c73-b8a9-acad10c95709","submitted","","Pankaj kumar ","2026-08-21","2026-08-21T18:32:34.811+00:00","Balendra Singh","Akhlaur","Charthawal ","Mujaffarnagar ","Uttar Pradesh ","29.544505, 77.716943","9837156506","Middle","Male","General","2","2",,"Tubewell; Rain water; Canal","Sugarcane ","1.8","400","Wheat ","0.2","15",,,,"Sugarcane","1.8","400","Wheat ","0.2","15",,,,"No",,,"Adopted","Adopted","Aware but not adopted","Aware but not adopted",,,"Not aware","Adopted","Adopted","Adopted","Adopted","Adopted","Adopted","Adopted","Aware but not adopted","Adopted","Rotavator; Seed drill; Sprayer; Harvester",,"Surface; Other: Flood irrigation","1200","Urea; DAP; SSP; MOP; FYM; Liquid Fertilizer; NPK; Micronutrient; Ammonium Sulphate","Cooperatives","Timely Availability; Inadequate Quantity; Other: Available not in time","3000","Chlorpyriphos 20% EC; Imidacloprid 17.8SL; Profenophos 50% EC; Quinalphos 25% EC; Mancozeb 75WP; Carbendazim 50WP; Fipronil 5% SC",,"Cooperatives","Technical Knowledge","Yes","KCC","600000","Yes","Cooperative; Money Lender; Commercial Bank","High Interest Rates; Indifference from Bank/Cooperative","No",,,,,,,,"High Premium; Long Settlement Time","Regulated market-mandi; Other: Mill","Farmer's Producer Organisations","Price fluctuation","7500","0","KVK; Other: Sugar Mill","Pradhan Mantri Kisan Samman Nidhi Yojana; Pradhan Mantri Fasal Bima Yojana; Kisan Credit Card (KCC) Scheme; Pradhan Mantri Krishi Sinchai Yojana; Mission for Integrated Development of Horticulture; Sub-Mission on Agriculture Mechanization",,,"No",,"No",,"1","5","Yes","Yes","6000","18000","24000","Yes","District level Health Centre; Government Primary Health Centre",,"More than 5 Km","Malaria; Gastrointestinal infection; Other: Cancer","Yes","Yes","Yes","No","No","No","Yes","Yes","Yes","Ayushman Bharat - PM Jan Arogya Yojana (PM-JAY); Swachh Bharat Abhiyan; Pradhan Mantri Surakshit Matritva Abhiyan; National Nutrition Mission (Poshan Abhiyaan); Rashtriya Swasthya Bima Yojana (RSBY); Jal Jeevan Mission (JJM); PM-KUSUM Scheme; Bharat VISTAAR; National Livestock Mission (NLM); Mission for Integrated Development of Horticulture (MIDH); Pradhan Mantri Matsya Sampada Yojana (PMMSY); National Beekeeping & Honey Mission (NBHM); eNAM (National Agriculture Market); Soil Health Card Scheme",,"No","Yes",
"f253bf4b-a7db-4beb-98e3-788a1f94bbab","submitted","","Pankaj kumar ","2026-08-21","2026-08-21T18:30:01.098+00:00","Yogendra tyagi ","Akhlaur","Charthawal ","Mujaffarnagar ","Uttar Pradesh ","29.544505, 77.716943","7300741426","Middle","Male","General","2","2",,"Tubewell; Rain water; Canal","Sugarcane ","1.8","400","Wheat ","0.2","15",,,,"Sugarcane","1.8","400","Wheat ","0.2","15",,,,"No",,,"Adopted","Adopted","Aware but not adopted","Aware but not adopted",,,"Not aware","Adopted","Adopted","Adopted","Adopted","Adopted","Adopted","Adopted","Aware but not adopted","Adopted","Rotavator; Seed drill; Sprayer; Harvester",,"Surface; Other: Flood irrigation","1200","Urea; DAP; SSP; MOP; FYM; Liquid Fertilizer; NPK; Micronutrient; Ammonium Sulphate","Cooperatives","Timely Availability; Inadequate Quantity; Other: Available not in time","3000","Chlorpyriphos 20% EC; Imidacloprid 17.8SL; Profenophos 50% EC; Quinalphos 25% EC; Mancozeb 75WP; Carbendazim 50WP; Fipronil 5% SC",,"Cooperatives","Technical Knowledge","Yes","KCC","600000","Yes","Cooperative; Money Lender; Commercial Bank","High Interest Rates; Indifference from Bank/Cooperative","No",,,,,,,,"High Premium; Long Settlement Time","Regulated market-mandi; Other: Mill","Farmer's Producer Organisations","Price fluctuation","7500","0","KVK; Other: Sugar Mill","Pradhan Mantri Kisan Samman Nidhi Yojana; Pradhan Mantri Fasal Bima Yojana; Kisan Credit Card (KCC) Scheme; Pradhan Mantri Krishi Sinchai Yojana; Mission for Integrated Development of Horticulture; Sub-Mission on Agriculture Mechanization",,,"No",,"No",,"1","5","Yes","Yes","6000","18000","24000","Yes","District level Health Centre; Government Primary Health Centre",,"More than 5 Km","Malaria; Gastrointestinal infection; Other: Cancer","Yes","Yes","Yes","No","No","No","Yes","Yes","Yes","Ayushman Bharat - PM Jan Arogya Yojana (PM-JAY); Swachh Bharat Abhiyan; Pradhan Mantri Surakshit Matritva Abhiyan; National Nutrition Mission (Poshan Abhiyaan); Rashtriya Swasthya Bima Yojana (RSBY); Jal Jeevan Mission (JJM); PM-KUSUM Scheme; Bharat VISTAAR; National Livestock Mission (NLM); Mission for Integrated Development of Horticulture (MIDH); Pradhan Mantri Matsya Sampada Yojana (PMMSY); National Beekeeping & Honey Mission (NBHM); eNAM (National Agriculture Market); Soil Health Card Scheme",,"No","Yes",
"945f4034-261c-486e-bc05-41fa9ed5bb5a","submitted","","Pankaj kumar ","2026-08-21","2026-08-21T18:29:11.85+00:00","Nakli singh ","Akhlaur","Charthawal ","Mujaffarnagar ","Uttar Pradesh ","29.544505, 77.716943","8650999596","Middle","Male","General","2","2",,"Tubewell; Rain water; Canal","Sugarcane ","1.8","400","Wheat ","0.2","15",,,,"Sugarcane","1.8","410","Wheat ","0.2","15",,,,"No",,,"Adopted","Adopted","Aware but not adopted","Aware but not adopted",,,"Not aware","Adopted","Adopted","Adopted","Adopted","Adopted","Adopted","Adopted","Aware but not adopted","Adopted","Rotavator; Seed drill; Sprayer; Harvester",,"Surface; Other: Flood irrigation","1200","Urea; DAP; SSP; MOP; FYM; Liquid Fertilizer; NPK; Micronutrient; Ammonium Sulphate","Cooperatives","Timely Availability; Inadequate Quantity; Other: Available not in time","3000","Chlorpyriphos 20% EC; Imidacloprid 17.8SL; Profenophos 50% EC; Quinalphos 25% EC; Mancozeb 75WP; Carbendazim 50WP; Fipronil 5% SC",,"Cooperatives","Technical Knowledge","Yes","KCC","600000","Yes","Cooperative; Money Lender; Commercial Bank","High Interest Rates; Indifference from Bank/Cooperative","No",,,,,,,,"High Premium; Long Settlement Time","Regulated market-mandi; Other: Mill","Farmer's Producer Organisations","Price fluctuation","7500","0","KVK; Other: Sugar Mill","Pradhan Mantri Kisan Samman Nidhi Yojana; Pradhan Mantri Fasal Bima Yojana; Kisan Credit Card (KCC) Scheme; Pradhan Mantri Krishi Sinchai Yojana; Mission for Integrated Development of Horticulture; Sub-Mission on Agriculture Mechanization",,,"No",,"No",,"1","5","Yes","Yes","6000","18000","24000","Yes","District level Health Centre; Government Primary Health Centre",,"More than 5 Km","Malaria; Gastrointestinal infection; Other: Cancer","Yes","Yes","Yes","No","No","No","Yes","Yes","Yes","Ayushman Bharat - PM Jan Arogya Yojana (PM-JAY); Swachh Bharat Abhiyan; Pradhan Mantri Surakshit Matritva Abhiyan; National Nutrition Mission (Poshan Abhiyaan); Rashtriya Swasthya Bima Yojana (RSBY); Jal Jeevan Mission (JJM); PM-KUSUM Scheme; Bharat VISTAAR; National Livestock Mission (NLM); Mission for Integrated Development of Horticulture (MIDH); Pradhan Mantri Matsya Sampada Yojana (PMMSY); National Beekeeping & Honey Mission (NBHM); eNAM (National Agriculture Market); Soil Health Card Scheme",,"No","Yes",
"c3e42dc1-35b5-43c6-971d-bf11527cc220","submitted","","Pankaj kumar ","2026-08-21","2026-08-21T18:25:34.879+00:00","Md shakil","Akhlaur","Charthawal ","Mujaffarnagar ","Uttar Pradesh ","29.544505, 77.716943","9105845970","High School","Female","OBC","1","1",,"Tubewell; Rain water; Canal","Sugarcane ","1","400","Wheat ","0.1","15",,,,"Sugarcane","1","400","Wheat ","0.1","15",,,,"No",,,"Adopted","Adopted","Aware but not adopted","Aware but not adopted",,,"Not aware","Adopted","Adopted","Adopted","Adopted","Adopted","Adopted","Adopted","Aware but not adopted","Adopted","Rotavator; Seed drill; Sprayer; Harvester",,"Surface; Other: Flood irrigation","1200","Urea; DAP; SSP; MOP; FYM; Liquid Fertilizer; NPK; Micronutrient; Ammonium Sulphate","Cooperatives","Timely Availability; Inadequate Quantity; Other: Available not in time","3000","Chlorpyriphos 20% EC; Imidacloprid 17.8SL; Profenophos 50% EC; Quinalphos 25% EC; Mancozeb 75WP; Carbendazim 50WP; Fipronil 5% SC",,"Cooperatives","Technical Knowledge","Yes","KCC","600000","Yes","Cooperative; Money Lender; Commercial Bank","High Interest Rates; Indifference from Bank/Cooperative","No",,,,,,,,"High Premium; Long Settlement Time","Regulated market-mandi; Other: Mill","Farmer's Producer Organisations","Price fluctuation","7500","0","KVK; Other: Sugar Mill","Pradhan Mantri Kisan Samman Nidhi Yojana; Pradhan Mantri Fasal Bima Yojana; Kisan Credit Card (KCC) Scheme; Pradhan Mantri Krishi Sinchai Yojana; Mission for Integrated Development of Horticulture; Sub-Mission on Agriculture Mechanization",,,"No",,"No",,"1","5","Yes","Yes","6000","18000","24000","Yes","District level Health Centre; Government Primary Health Centre",,"More than 5 Km","Malaria; Gastrointestinal infection; Other: Cancer","Yes","Yes","Yes","No","No","No","Yes","Yes","Yes","Ayushman Bharat - PM Jan Arogya Yojana (PM-JAY); Swachh Bharat Abhiyan; Pradhan Mantri Surakshit Matritva Abhiyan; National Nutrition Mission (Poshan Abhiyaan); Rashtriya Swasthya Bima Yojana (RSBY); Jal Jeevan Mission (JJM); PM-KUSUM Scheme; Bharat VISTAAR; National Livestock Mission (NLM); Mission for Integrated Development of Horticulture (MIDH); Pradhan Mantri Matsya Sampada Yojana (PMMSY); National Beekeeping & Honey Mission (NBHM); eNAM (National Agriculture Market); Soil Health Card Scheme",,"No","Yes",
"e1e1144a-3831-4bd2-b944-64c5b8a5b05e","submitted","","Pankaj kumar ","2026-08-21","2026-08-21T18:21:26.999+00:00","Murti devi ","Akhlaur","Charthawal ","Mujaffarnagar ","Uttar Pradesh ","29.544505, 77.716943","7895489851","Middle","Female","General","1.2","1.2",,"Tubewell; Rain water; Canal","Sugarcane ","1","400","Wheat ","0.2","15",,,,"Sugarcane","1","400","Wheat ","0.2","15",,,,"No",,,"Adopted","Adopted","Aware but not adopted","Aware but not adopted",,,"Not aware","Adopted","Adopted","Adopted","Adopted","Adopted","Adopted","Adopted","Aware but not adopted","Adopted","Rotavator; Seed drill; Sprayer; Harvester",,"Surface; Other: Flood irrigation","1200","Urea; DAP; SSP; MOP; FYM; Liquid Fertilizer; NPK; Micronutrient; Ammonium Sulphate","Cooperatives","Timely Availability; Inadequate Quantity; Other: Available not in time","3000","Chlorpyriphos 20% EC; Imidacloprid 17.8SL; Profenophos 50% EC; Quinalphos 25% EC; Mancozeb 75WP; Carbendazim 50WP; Fipronil 5% SC",,"Cooperatives","Technical Knowledge","Yes","KCC","600000","Yes","Cooperative; Money Lender; Commercial Bank","High Interest Rates; Indifference from Bank/Cooperative","No",,,,,,,,"High Premium; Long Settlement Time","Regulated market-mandi; Other: Mill","Farmer's Producer Organisations","Price fluctuation","7500","0","KVK; Other: Sugar Mill","Pradhan Mantri Kisan Samman Nidhi Yojana; Pradhan Mantri Fasal Bima Yojana; Kisan Credit Card (KCC) Scheme; Pradhan Mantri Krishi Sinchai Yojana; Mission for Integrated Development of Horticulture; Sub-Mission on Agriculture Mechanization",,,"No",,"No",,"1","5","Yes","Yes","6000","18000","24000","Yes","District level Health Centre; Government Primary Health Centre",,"More than 5 Km","Malaria; Gastrointestinal infection; Other: Cancer","Yes","Yes","Yes","No","No","No","Yes","Yes","Yes","Ayushman Bharat - PM Jan Arogya Yojana (PM-JAY); Swachh Bharat Abhiyan; Pradhan Mantri Surakshit Matritva Abhiyan; National Nutrition Mission (Poshan Abhiyaan); Rashtriya Swasthya Bima Yojana (RSBY); Jal Jeevan Mission (JJM); PM-KUSUM Scheme; Bharat VISTAAR; National Livestock Mission (NLM); Mission for Integrated Development of Horticulture (MIDH); Pradhan Mantri Matsya Sampada Yojana (PMMSY); National Beekeeping & Honey Mission (NBHM); eNAM (National Agriculture Market); Soil Health Card Scheme",,"No","Yes",
"50c789b3-1617-4010-8ed9-2fb3ba9b2f07","submitted","","Pankaj kumar ","2026-08-21","2026-08-21T18:19:08.154+00:00","Jitendra tyagi ","Akhlaur","Charthawal ","Mujaffarnagar ","Uttar Pradesh ","29.544505, 77.716943","9837895481","High School","Male","General","3","3",,"Tubewell; Rain water; Canal","Sugarcane ","2.8","400","Wheat ","0.2","15",,,,"Sugarcane","2.8","400","Wheat ","0.2","15",,,,"No",,,"Adopted","Adopted","Aware but not adopted","Aware but not adopted",,,"Not aware","Adopted","Adopted","Adopted","Adopted","Adopted","Adopted","Adopted","Aware but not adopted","Adopted","Rotavator; Seed drill; Sprayer; Harvester",,"Surface; Other: Flood irrigation","1200","Urea; DAP; SSP; MOP; FYM; Liquid Fertilizer; NPK; Micronutrient; Ammonium Sulphate","Cooperatives","Timely Availability; Inadequate Quantity; Other: Available not in time","3000","Chlorpyriphos 20% EC; Imidacloprid 17.8SL; Profenophos 50% EC; Quinalphos 25% EC; Mancozeb 75WP; Carbendazim 50WP; Fipronil 5% SC",,"Cooperatives","Technical Knowledge","Yes","KCC","600000","Yes","Cooperative; Money Lender; Commercial Bank","High Interest Rates; Indifference from Bank/Cooperative","No",,,,,,,,"High Premium; Long Settlement Time","Regulated market-mandi; Other: Mill","Farmer's Producer Organisations","Price fluctuation","7500","0","KVK; Other: Sugar Mill","Pradhan Mantri Kisan Samman Nidhi Yojana; Pradhan Mantri Fasal Bima Yojana; Kisan Credit Card (KCC) Scheme; Pradhan Mantri Krishi Sinchai Yojana; Mission for Integrated Development of Horticulture; Sub-Mission on Agriculture Mechanization",,,"No",,"No",,"1","5","Yes","Yes","6000","18000","24000","Yes","District level Health Centre; Government Primary Health Centre",,"More than 5 Km","Malaria; Gastrointestinal infection; Other: Cancer","Yes","Yes","Yes","No","No","No","Yes","Yes","Yes","Ayushman Bharat - PM Jan Arogya Yojana (PM-JAY); Swachh Bharat Abhiyan; Pradhan Mantri Surakshit Matritva Abhiyan; National Nutrition Mission (Poshan Abhiyaan); Rashtriya Swasthya Bima Yojana (RSBY); Jal Jeevan Mission (JJM); PM-KUSUM Scheme; Bharat VISTAAR; National Livestock Mission (NLM); Mission for Integrated Development of Horticulture (MIDH); Pradhan Mantri Matsya Sampada Yojana (PMMSY); National Beekeeping & Honey Mission (NBHM); eNAM (National Agriculture Market); Soil Health Card Scheme",,"No","Yes",
"ab0f746b-94e8-4902-9f3e-8a66cf910f2d","submitted","","Pankaj kumar ","2026-08-21","2026-08-21T18:16:26.152+00:00","Nikki tyagi ","Akhlaur","Charthawal ","Mujaffarnagar ","Uttar Pradesh ","29.544505, 77.716943","9997217838","High School","Female","General","1.5","1.5",,"Tubewell; Rain water; River","Sugarcane ","1.4","390","Wheat ","0.1","13",,,,"Sugarcane","1.4","380","Wheat ","0.1","17",,,,"No",,,"Adopted","Adopted","Aware but not adopted","Aware but not adopted",,,"Not aware","Adopted","Adopted","Adopted","Adopted","Adopted","Adopted","Adopted","Aware but not adopted","Adopted","Rotavator; Seed drill; Sprayer; Harvester",,"Surface; Other: Flood irrigation","1200","Urea; DAP; SSP; MOP; FYM; Liquid Fertilizer; NPK; Micronutrient; Ammonium Sulphate","Cooperatives","Timely Availability; Inadequate Quantity; Other: Available not in time","3000","Chlorpyriphos 20% EC; Imidacloprid 17.8SL; Profenophos 50% EC; Quinalphos 25% EC; Mancozeb 75WP; Carbendazim 50WP; Fipronil 5% SC",,"Cooperatives","Technical Knowledge","Yes","KCC","600000","Yes","Cooperative; Money Lender; Commercial Bank","High Interest Rates; Indifference from Bank/Cooperative","No",,,,,,,,"High Premium; Long Settlement Time","Regulated market-mandi; Other: Mill","Farmer's Producer Organisations","Price fluctuation","7500","0","KVK; Other: Sugar Mill","Pradhan Mantri Kisan Samman Nidhi Yojana; Pradhan Mantri Fasal Bima Yojana; Kisan Credit Card (KCC) Scheme; Pradhan Mantri Krishi Sinchai Yojana; Mission for Integrated Development of Horticulture; Sub-Mission on Agriculture Mechanization",,,"No",,"No",,"1","5","Yes","Yes","6000","18000","24000","Yes","District level Health Centre; Government Primary Health Centre",,"More than 5 Km","Malaria; Gastrointestinal infection; Other: Cancer","Yes","Yes","Yes","No","No","No","Yes","Yes","Yes","Ayushman Bharat - PM Jan Arogya Yojana (PM-JAY); Swachh Bharat Abhiyan; Pradhan Mantri Surakshit Matritva Abhiyan; National Nutrition Mission (Poshan Abhiyaan); Rashtriya Swasthya Bima Yojana (RSBY); Jal Jeevan Mission (JJM); PM-KUSUM Scheme; Bharat VISTAAR; National Livestock Mission (NLM); Mission for Integrated Development of Horticulture (MIDH); Pradhan Mantri Matsya Sampada Yojana (PMMSY); National Beekeeping & Honey Mission (NBHM); eNAM (National Agriculture Market); Soil Health Card Scheme",,"No","Yes",
"3fbbfa2b-1377-4b84-a448-4bf06ff39f63","submitted","","Pankaj kumar ","2026-08-21","2026-08-21T18:14:00.866+00:00","Somlata","Akhlaur","Charthawal ","Mujaffarnagar ","Uttar Pradesh ","29.544505, 77.716943","9997217838","Inter","Female","General","2.5","2.5",,"Tubewell; Rain water; River","Sugarcane ","2.4","390","Wheat ","0.1","13",,,,"Sugarcane","2.4","380","Wheat ","0.1","17",,,,"No",,,"Adopted","Adopted","Aware but not adopted","Aware but not adopted",,,"Not aware","Adopted","Adopted","Adopted","Adopted","Adopted","Adopted","Adopted","Aware but not adopted","Adopted","Rotavator; Seed drill; Sprayer; Harvester",,"Surface; Other: Flood irrigation","1200","Urea; DAP; SSP; MOP; FYM; Liquid Fertilizer; NPK; Micronutrient; Ammonium Sulphate","Cooperatives","Timely Availability; Inadequate Quantity; Other: Available not in time","3000","Chlorpyriphos 20% EC; Imidacloprid 17.8SL; Profenophos 50% EC; Quinalphos 25% EC; Mancozeb 75WP; Carbendazim 50WP; Fipronil 5% SC",,"Cooperatives","Technical Knowledge","Yes","KCC","600000","Yes","Cooperative; Money Lender; Commercial Bank","High Interest Rates; Indifference from Bank/Cooperative","No",,,,,,,,"High Premium; Long Settlement Time","Regulated market-mandi; Other: Mill","Farmer's Producer Organisations","Price fluctuation","7500","0","KVK; Other: Sugar Mill","Pradhan Mantri Kisan Samman Nidhi Yojana; Pradhan Mantri Fasal Bima Yojana; Kisan Credit Card (KCC) Scheme; Pradhan Mantri Krishi Sinchai Yojana; Mission for Integrated Development of Horticulture; Sub-Mission on Agriculture Mechanization",,,"No",,"No",,"1","5","Yes","Yes","6000","18000","24000","Yes","District level Health Centre; Government Primary Health Centre",,"More than 5 Km","Malaria; Gastrointestinal infection; Other: Cancer","Yes","Yes","Yes","No","No","No","Yes","Yes","Yes","Ayushman Bharat - PM Jan Arogya Yojana (PM-JAY); Swachh Bharat Abhiyan; Pradhan Mantri Surakshit Matritva Abhiyan; National Nutrition Mission (Poshan Abhiyaan); Rashtriya Swasthya Bima Yojana (RSBY); Jal Jeevan Mission (JJM); PM-KUSUM Scheme; Bharat VISTAAR; National Livestock Mission (NLM); Mission for Integrated Development of Horticulture (MIDH); Pradhan Mantri Matsya Sampada Yojana (PMMSY); National Beekeeping & Honey Mission (NBHM); eNAM (National Agriculture Market); Soil Health Card Scheme",,"No","Yes",
"d7520b6e-8bc3-46d7-868d-087c478ed36b","submitted","","Pankaj kumar ","2026-08-21","2026-08-21T18:11:46.193+00:00","Aswani ","Akhlaur","Charthawal ","Mujaffarnagar ","Uttar Pradesh ","29.544505, 77.716943","99972176830","High School","Male","General","3","3",,"Tubewell; Rain water; River","Sugarcane ","2.8","390","Wheat ","0.2","12",,,,"Sugarcane","2.8","370","Wheat ","0.2","17",,,,"No",,,"Adopted","Adopted","Aware but not adopted","Aware but not adopted",,,"Not aware","Adopted","Adopted","Adopted","Adopted","Adopted","Adopted","Adopted","Aware but not adopted","Adopted","Rotavator; Seed drill; Sprayer; Harvester",,"Surface; Other: Flood irrigation","1200","Urea; DAP; SSP; MOP; FYM; Liquid Fertilizer; NPK; Micronutrient; Ammonium Sulphate","Cooperatives","Timely Availability; Inadequate Quantity; Other: Available not in time","3000","Chlorpyriphos 20% EC; Imidacloprid 17.8SL; Profenophos 50% EC; Quinalphos 25% EC; Mancozeb 75WP; Carbendazim 50WP; Fipronil 5% SC",,"Cooperatives","Technical Knowledge","Yes","KCC","600000","Yes","Cooperative; Money Lender; Commercial Bank","High Interest Rates; Indifference from Bank/Cooperative","No",,,,,,,,"High Premium; Long Settlement Time","Regulated market-mandi; Other: Mill","Farmer's Producer Organisations","Price fluctuation","7500","0","KVK; Other: Sugar Mill","Pradhan Mantri Kisan Samman Nidhi Yojana; Pradhan Mantri Fasal Bima Yojana; Kisan Credit Card (KCC) Scheme; Pradhan Mantri Krishi Sinchai Yojana; Mission for Integrated Development of Horticulture; Sub-Mission on Agriculture Mechanization",,,"No",,"No",,"1","5","Yes","Yes","6000","18000","24000","Yes","District level Health Centre; Government Primary Health Centre",,"More than 5 Km","Malaria; Gastrointestinal infection; Other: Cancer","Yes","Yes","Yes","No","No","No","Yes","Yes","Yes","Ayushman Bharat - PM Jan Arogya Yojana (PM-JAY); Swachh Bharat Abhiyan; Pradhan Mantri Surakshit Matritva Abhiyan; National Nutrition Mission (Poshan Abhiyaan); Rashtriya Swasthya Bima Yojana (RSBY); Jal Jeevan Mission (JJM); PM-KUSUM Scheme; Bharat VISTAAR; National Livestock Mission (NLM); Mission for Integrated Development of Horticulture (MIDH); Pradhan Mantri Matsya Sampada Yojana (PMMSY); National Beekeeping & Honey Mission (NBHM); eNAM (National Agriculture Market); Soil Health Card Scheme",,"No","Yes",
"bd59eaca-372e-477d-a1c3-0c6a25bce367","submitted","","Pankaj kumar ","2026-08-21","2026-08-21T18:09:22.316+00:00","Sushil tyagi ","Akhlaur","Charthawal ","Mujaffarnagar ","Uttar Pradesh ","29.544505, 77.716943","9466854085","Post Graduate","Male","General","5","5",,"Tubewell; Rain water; River","Sugarcane ","4.8","380","Wheat ","0.2","18",,,,"Sugarcane","4.8","370","Wheat ","0.2","17",,,,"No",,,"Adopted","Adopted","Aware but not adopted","Aware but not adopted",,,"Not aware","Adopted","Adopted","Adopted","Adopted","Adopted","Adopted","Adopted","Aware but not adopted","Adopted","Rotavator; Seed drill; Sprayer; Harvester",,"Surface; Other: Flood irrigation","1200","Urea; DAP; SSP; MOP; FYM; Liquid Fertilizer; NPK; Micronutrient; Ammonium Sulphate","Cooperatives","Timely Availability; Inadequate Quantity; Other: Available not in time","3000","Chlorpyriphos 20% EC; Imidacloprid 17.8SL; Profenophos 50% EC; Quinalphos 25% EC; Mancozeb 75WP; Carbendazim 50WP; Fipronil 5% SC",,"Cooperatives","Technical Knowledge","Yes","KCC","600000","Yes","Cooperative; Money Lender; Commercial Bank","High Interest Rates; Indifference from Bank/Cooperative","No",,,,,,,,"High Premium; Long Settlement Time","Regulated market-mandi; Other: Mill","Farmer's Producer Organisations","Price fluctuation","7500","0","KVK; Other: Sugar Mill","Pradhan Mantri Kisan Samman Nidhi Yojana; Pradhan Mantri Fasal Bima Yojana; Kisan Credit Card (KCC) Scheme; Pradhan Mantri Krishi Sinchai Yojana; Mission for Integrated Development of Horticulture; Sub-Mission on Agriculture Mechanization",,,"No",,"No",,"1","5","Yes","Yes","6000","18000","24000","Yes","District level Health Centre; Government Primary Health Centre",,"More than 5 Km","Malaria; Gastrointestinal infection; Other: Cancer","Yes","Yes","Yes","No","No","No","Yes","Yes","Yes","Ayushman Bharat - PM Jan Arogya Yojana (PM-JAY); Swachh Bharat Abhiyan; Pradhan Mantri Surakshit Matritva Abhiyan; National Nutrition Mission (Poshan Abhiyaan); Rashtriya Swasthya Bima Yojana (RSBY); Jal Jeevan Mission (JJM); PM-KUSUM Scheme; Bharat VISTAAR; National Livestock Mission (NLM); Mission for Integrated Development of Horticulture (MIDH); Pradhan Mantri Matsya Sampada Yojana (PMMSY); National Beekeeping & Honey Mission (NBHM); eNAM (National Agriculture Market); Soil Health Card Scheme","","No","Yes",
"3120c045-1bb6-4ea1-abaa-5c0e3872dc7e","submitted","","Pankaj kumar ","2026-08-21","2026-08-21T18:06:40.933+00:00","Satish tyagi ","Akhlaur","Charthawal ","Mujaffarnagar ","Uttar Pradesh ","29.544505, 77.716943","9412412981","Post Graduate","Male","General","4.5","4.5",,"Tubewell; Rain water; River","Sugarcane ","4.2","380","Wheat ","0.3","18",,,,"Sugarcane","4.3","370","Wheat ","0.3","17",,,,"No",,,"Adopted","Adopted","Aware but not adopted","Aware but not adopted",,,"Not aware","Adopted","Adopted","Adopted","Adopted","Adopted","Adopted","Adopted","Aware but not adopted","Adopted","Rotavator; Seed drill; Sprayer; Harvester",,"Surface; Other: Flood irrigation","1200","Urea; DAP; SSP; MOP; FYM; Liquid Fertilizer; NPK; Micronutrient; Ammonium Sulphate","Cooperatives","Timely Availability; Inadequate Quantity; Other: Available not in time","3000","Chlorpyriphos 20% EC; Imidacloprid 17.8SL; Profenophos 50% EC; Quinalphos 25% EC; Mancozeb 75WP; Carbendazim 50WP; Fipronil 5% SC",,"Cooperatives","Technical Knowledge","Yes","KCC","600000","Yes","Cooperative; Money Lender; Commercial Bank","High Interest Rates; Indifference from Bank/Cooperative","No",,,,,,,,"High Premium; Long Settlement Time","Regulated market-mandi; Other: Mill","Farmer's Producer Organisations","Price fluctuation","7500","0","KVK; Other: Sugar Mill","Pradhan Mantri Kisan Samman Nidhi Yojana; Pradhan Mantri Fasal Bima Yojana; Kisan Credit Card (KCC) Scheme; Pradhan Mantri Krishi Sinchai Yojana; Mission for Integrated Development of Horticulture; Sub-Mission on Agriculture Mechanization",,,"No",,"No",,"1","5","Yes","Yes","6000","18000","24000","Yes","District level Health Centre; Government Primary Health Centre",,"More than 5 Km","Malaria; Gastrointestinal infection; Other: Cancer","Yes","Yes","Yes","No","No","No","Yes","Yes","Yes","Ayushman Bharat - PM Jan Arogya Yojana (PM-JAY); Swachh Bharat Abhiyan; Pradhan Mantri Surakshit Matritva Abhiyan; National Nutrition Mission (Poshan Abhiyaan); Rashtriya Swasthya Bima Yojana (RSBY); Jal Jeevan Mission (JJM); PM-KUSUM Scheme; Bharat VISTAAR; National Livestock Mission (NLM); Mission for Integrated Development of Horticulture (MIDH); Pradhan Mantri Matsya Sampada Yojana (PMMSY); National Beekeeping & Honey Mission (NBHM); eNAM (National Agriculture Market); Soil Health Card Scheme",,"No","Yes",
"fe453fc5-67a9-40f8-b1c9-037586458541","submitted","","Pankaj kumar ","2026-08-21","2026-08-21T18:04:25.963+00:00","Anil tyagi ","Akhlaur","Charthawal ","Mujaffarnagar ","Uttar Pradesh ","29.544505, 77.716943","9927882439","Degree","Male","General","5","5",,"Tubewell; Rain water; River","Sugarcane ","4.8","370","Wheat ","0.2","17",,,,"Sugarcane","4.8","370","Wheat ","0.2","17",,,,"No",,,"Adopted","Adopted","Aware but not adopted","Aware but not adopted",,,"Not aware","Adopted","Adopted","Adopted","Adopted","Adopted","Adopted","Adopted","Aware but not adopted","Adopted","Rotavator; Seed drill; Sprayer; Harvester",,"Surface; Other: Flood irrigation","1200","Urea; DAP; SSP; MOP; FYM; Liquid Fertilizer; NPK; Micronutrient; Ammonium Sulphate","Cooperatives","Timely Availability; Inadequate Quantity; Other: Available not in time","3000","Chlorpyriphos 20% EC; Imidacloprid 17.8SL; Profenophos 50% EC; Quinalphos 25% EC; Mancozeb 75WP; Carbendazim 50WP; Fipronil 5% SC",,"Cooperatives","Technical Knowledge","Yes","KCC","600000","Yes","Cooperative; Money Lender; Commercial Bank","High Interest Rates; Indifference from Bank/Cooperative","No",,,,,,,,"High Premium; Long Settlement Time","Regulated market-mandi; Other: Mill","Farmer's Producer Organisations","Price fluctuation","7500","0","KVK; Other: Sugar Mill","Pradhan Mantri Kisan Samman Nidhi Yojana; Pradhan Mantri Fasal Bima Yojana; Kisan Credit Card (KCC) Scheme; Pradhan Mantri Krishi Sinchai Yojana; Mission for Integrated Development of Horticulture; Sub-Mission on Agriculture Mechanization",,,"No",,"No",,"1","5","Yes","Yes","6000","18000","24000","Yes","District level Health Centre; Government Primary Health Centre",,"More than 5 Km","Malaria; Gastrointestinal infection; Other: Cancer","Yes","Yes","Yes","No","No","No","Yes","Yes","Yes","Ayushman Bharat - PM Jan Arogya Yojana (PM-JAY); Swachh Bharat Abhiyan; Pradhan Mantri Surakshit Matritva Abhiyan; National Nutrition Mission (Poshan Abhiyaan); Rashtriya Swasthya Bima Yojana (RSBY); Jal Jeevan Mission (JJM); PM-KUSUM Scheme; Bharat VISTAAR; National Livestock Mission (NLM); Mission for Integrated Development of Horticulture (MIDH); Pradhan Mantri Matsya Sampada Yojana (PMMSY); National Beekeeping & Honey Mission (NBHM); eNAM (National Agriculture Market); Soil Health Card Scheme",,"No","Yes",
"3e19c4f4-3624-4345-96bc-672a4087ee8f","submitted","","Pankaj kumar ","2026-08-21","2026-08-21T18:02:20.425+00:00","Momina","Akhlaur","Charthawal ","Mujaffarnagar ","Uttar Pradesh ","29.544505, 77.716943","7500342540","Middle","Female","OBC","1.5","1.5",,"Tubewell; Rain water; River","Sugarcane ","1.4","360","Wheat ","0.1","16",,,,"Sugarcane","1.4","360","Wheat ","0.1","16",,,,"No",,,"Adopted","Adopted","Aware but not adopted","Aware but not adopted",,,"Not aware","Adopted","Adopted","Adopted","Adopted","Adopted","Adopted","Adopted","Aware but not adopted","Adopted","Rotavator; Seed drill; Sprayer; Harvester",,"Surface; Other: Flood irrigation","1200","Urea; DAP; SSP; MOP; FYM; Liquid Fertilizer; NPK; Micronutrient; Ammonium Sulphate","Cooperatives","Timely Availability; Inadequate Quantity; Other: Available not in time","3000","Chlorpyriphos 20% EC; Imidacloprid 17.8SL; Profenophos 50% EC; Quinalphos 25% EC; Mancozeb 75WP; Carbendazim 50WP; Fipronil 5% SC",,"Cooperatives","Technical Knowledge","Yes","KCC","600000","Yes","Cooperative; Money Lender; Commercial Bank","High Interest Rates; Indifference from Bank/Cooperative","No",,,,,,,,"High Premium; Long Settlement Time","Regulated market-mandi; Other: Mill","Farmer's Producer Organisations","Price fluctuation","7500","0","KVK; Other: Sugar Mill","Pradhan Mantri Kisan Samman Nidhi Yojana; Pradhan Mantri Fasal Bima Yojana; Kisan Credit Card (KCC) Scheme; Pradhan Mantri Krishi Sinchai Yojana; Mission for Integrated Development of Horticulture; Sub-Mission on Agriculture Mechanization",,,"No",,"No",,"1","5","Yes","Yes","6000","18000","24000","Yes","District level Health Centre; Government Primary Health Centre",,"More than 5 Km","Malaria; Gastrointestinal infection; Other: Cancer","Yes","Yes","Yes","No","No","No","Yes","Yes","Yes","Ayushman Bharat - PM Jan Arogya Yojana (PM-JAY); Swachh Bharat Abhiyan; Pradhan Mantri Surakshit Matritva Abhiyan; National Nutrition Mission (Poshan Abhiyaan); Rashtriya Swasthya Bima Yojana (RSBY); Jal Jeevan Mission (JJM); PM-KUSUM Scheme; Bharat VISTAAR; National Livestock Mission (NLM); Mission for Integrated Development of Horticulture (MIDH); Pradhan Mantri Matsya Sampada Yojana (PMMSY); National Beekeeping & Honey Mission (NBHM); eNAM (National Agriculture Market); Soil Health Card Scheme",,"No","Yes",
"c0797704-ef55-465c-9efd-cbe64f3fe034","submitted","","Pankaj kumar ","2026-08-21","2026-08-21T17:59:55.296+00:00","Iqbal ","Akhlaur","Charthawal ","Mujaffarnagar ","Uttar Pradesh ","29.544505, 77.716943","9756151946","Middle","Male","OBC","2.1","2.1",,"Tubewell; Rain water; River","Sugarcane ","2","350","Wheat ",".3","14",,,,"Sugarcane","2","370","Wheat ","0.1","18",,,,"No",,,"Adopted","Adopted","Aware but not adopted","Aware but not adopted",,,"Not aware","Adopted","Adopted","Adopted","Adopted","Adopted","Adopted","Adopted","Aware but not adopted","Adopted","Rotavator; Seed drill; Sprayer; Harvester",,"Surface; Other: Flood irrigation","1200","Urea; DAP; SSP; MOP; FYM; Liquid Fertilizer; NPK; Micronutrient; Ammonium Sulphate","Cooperatives","Timely Availability; Inadequate Quantity; Other: Available not in time","3000","Chlorpyriphos 20% EC; Imidacloprid 17.8SL; Profenophos 50% EC; Quinalphos 25% EC; Mancozeb 75WP; Carbendazim 50WP; Fipronil 5% SC",,"Cooperatives","Technical Knowledge","Yes","KCC","600000","Yes","Cooperative; Money Lender; Commercial Bank","High Interest Rates; Indifference from Bank/Cooperative","No",,,,,,,,"High Premium; Long Settlement Time","Regulated market-mandi; Other: Mill","Farmer's Producer Organisations","Price fluctuation","7500","0","KVK; Other: Sugar Mill","Pradhan Mantri Kisan Samman Nidhi Yojana; Pradhan Mantri Fasal Bima Yojana; Kisan Credit Card (KCC) Scheme; Pradhan Mantri Krishi Sinchai Yojana; Mission for Integrated Development of Horticulture; Sub-Mission on Agriculture Mechanization",,,"No",,"No",,"1","5","Yes","Yes","6000","18000","24000","Yes","District level Health Centre; Government Primary Health Centre",,"More than 5 Km","Malaria; Gastrointestinal infection; Other: Cancer","Yes","Yes","Yes","No","No","No","Yes","Yes","Yes","Ayushman Bharat - PM Jan Arogya Yojana (PM-JAY); Swachh Bharat Abhiyan; Pradhan Mantri Surakshit Matritva Abhiyan; National Nutrition Mission (Poshan Abhiyaan); Rashtriya Swasthya Bima Yojana (RSBY); Jal Jeevan Mission (JJM); PM-KUSUM Scheme; Bharat VISTAAR; National Livestock Mission (NLM); Mission for Integrated Development of Horticulture (MIDH); Pradhan Mantri Matsya Sampada Yojana (PMMSY); National Beekeeping & Honey Mission (NBHM); eNAM (National Agriculture Market); Soil Health Card Scheme",,"No","Yes",
"2ee8279d-195d-4bc6-bc20-a335ddff6d79","submitted","","Pankaj kumar ","2026-08-21","2026-08-21T17:58:26.692+00:00","Ikram","Akhlaur","Charthawal ","Mujaffarnagar ","Uttar Pradesh ","29.544505, 77.716943","7500342540","Middle","Male","OBC","2.1","2.1",,"Tubewell; Rain water; River","Sugarcane ","2","350","Wheat ",".3","14",,,,"Sugarcane","2","370","Wheat ","0.1","18",,,,"No",,,"Adopted","Adopted","Aware but not adopted","Aware but not adopted",,,"Not aware","Adopted","Adopted","Adopted","Adopted","Adopted","Adopted","Adopted","Aware but not adopted","Adopted","Rotavator; Seed drill; Sprayer; Harvester",,"Surface; Other: Flood irrigation","1200","Urea; DAP; SSP; MOP; FYM; Liquid Fertilizer; NPK; Micronutrient; Ammonium Sulphate","Cooperatives","Timely Availability; Inadequate Quantity; Other: Available not in time","3000","Chlorpyriphos 20% EC; Imidacloprid 17.8SL; Profenophos 50% EC; Quinalphos 25% EC; Mancozeb 75WP; Carbendazim 50WP; Fipronil 5% SC",,"Cooperatives","Technical Knowledge","Yes","KCC","600000","Yes","Cooperative; Money Lender; Commercial Bank","High Interest Rates; Indifference from Bank/Cooperative","No",,,,,,,,"High Premium; Long Settlement Time","Regulated market-mandi; Other: Mill","Farmer's Producer Organisations","Price fluctuation","7500","0","KVK; Other: Sugar Mill","Pradhan Mantri Kisan Samman Nidhi Yojana; Pradhan Mantri Fasal Bima Yojana; Kisan Credit Card (KCC) Scheme; Pradhan Mantri Krishi Sinchai Yojana; Mission for Integrated Development of Horticulture; Sub-Mission on Agriculture Mechanization",,,"No",,"No",,"1","5","Yes","Yes","6000","18000","24000","Yes","District level Health Centre; Government Primary Health Centre",,"More than 5 Km","Malaria; Gastrointestinal infection; Other: Cancer","Yes","Yes","Yes","No","No","No","Yes","Yes","Yes","Ayushman Bharat - PM Jan Arogya Yojana (PM-JAY); Swachh Bharat Abhiyan; Pradhan Mantri Surakshit Matritva Abhiyan; National Nutrition Mission (Poshan Abhiyaan); Rashtriya Swasthya Bima Yojana (RSBY); Jal Jeevan Mission (JJM); PM-KUSUM Scheme; Bharat VISTAAR; National Livestock Mission (NLM); Mission for Integrated Development of Horticulture (MIDH); Pradhan Mantri Matsya Sampada Yojana (PMMSY); National Beekeeping & Honey Mission (NBHM); eNAM (National Agriculture Market); Soil Health Card Scheme",,"No","Yes",
"1251fd31-9a2e-4cc6-a1dd-c623e7bb1c2e","submitted","","Pankaj kumar ","2026-08-21","2026-08-21T17:56:51.937+00:00","Md Irfan ","Akhlaur","Charthawal ","Mujaffarnagar ","Uttar Pradesh ","29.544505, 77.716943","8958139923","Middle","Male","OBC","3","3",,"Tubewell; Rain water; River","Sugarcane ","2","350","Wheat ",".3","14",,,,"Sugarcane","2.8","360","Wheat ","0.2","17",,,,"No",,,"Adopted","Adopted","Aware but not adopted","Aware but not adopted",,,"Not aware","Adopted","Adopted","Adopted","Adopted","Adopted","Adopted","Adopted","Aware but not adopted","Adopted","Rotavator; Seed drill; Sprayer; Harvester",,"Surface; Other: Flood irrigation","1200","Urea; DAP; SSP; MOP; FYM; Liquid Fertilizer; NPK; Micronutrient; Ammonium Sulphate","Cooperatives","Timely Availability; Inadequate Quantity; Other: Available not in time","3000","Chlorpyriphos 20% EC; Imidacloprid 17.8SL; Profenophos 50% EC; Quinalphos 25% EC; Mancozeb 75WP; Carbendazim 50WP; Fipronil 5% SC",,"Cooperatives","Technical Knowledge","Yes","KCC","600000","Yes","Cooperative; Money Lender; Commercial Bank","High Interest Rates; Indifference from Bank/Cooperative","No",,,,,,,,"High Premium; Long Settlement Time","Regulated market-mandi; Other: Mill","Farmer's Producer Organisations","Price fluctuation","7500","0","KVK; Other: Sugar Mill","Pradhan Mantri Kisan Samman Nidhi Yojana; Pradhan Mantri Fasal Bima Yojana; Kisan Credit Card (KCC) Scheme; Pradhan Mantri Krishi Sinchai Yojana; Mission for Integrated Development of Horticulture; Sub-Mission on Agriculture Mechanization",,,"No",,"No",,"1","5","Yes","Yes","6000","18000","24000","Yes","District level Health Centre; Government Primary Health Centre",,"More than 5 Km","Malaria; Gastrointestinal infection; Other: Cancer","Yes","Yes","Yes","No","No","No","Yes","Yes","Yes","Ayushman Bharat - PM Jan Arogya Yojana (PM-JAY); Swachh Bharat Abhiyan; Pradhan Mantri Surakshit Matritva Abhiyan; National Nutrition Mission (Poshan Abhiyaan); Rashtriya Swasthya Bima Yojana (RSBY); Jal Jeevan Mission (JJM); PM-KUSUM Scheme; Bharat VISTAAR; National Livestock Mission (NLM); Mission for Integrated Development of Horticulture (MIDH); Pradhan Mantri Matsya Sampada Yojana (PMMSY); National Beekeeping & Honey Mission (NBHM); eNAM (National Agriculture Market); Soil Health Card Scheme",,"No","Yes",
"c597b309-8803-4292-a2e6-8a0b36f5027b","submitted","","Pankaj kumar ","2026-08-21","2026-08-21T17:54:17.395+00:00","Naeem ","Akhlaur","Charthawal ","Mujaffarnagar ","Uttar Pradesh ","29.544505, 77.716943","9045010009","Middle","Male","OBC","1","1",,"Tubewell; Rain water; River","Sugarcane ","2","350","Wheat ",".3","14",,,,"Sugarcane","0.9","350","Wheat ","0.1","16",,,,"No",,,"Adopted","Adopted","Aware but not adopted","Aware but not adopted",,,"Not aware","Adopted","Adopted","Adopted","Adopted","Adopted","Adopted","Adopted","Aware but not adopted","Adopted","Rotavator; Seed drill; Sprayer; Harvester",,"Surface; Other: Flood irrigation","1200","Urea; DAP; SSP; MOP; FYM; Liquid Fertilizer; NPK; Micronutrient; Ammonium Sulphate","Cooperatives","Timely Availability; Inadequate Quantity; Other: Available not in time","3000","Chlorpyriphos 20% EC; Imidacloprid 17.8SL; Profenophos 50% EC; Quinalphos 25% EC; Mancozeb 75WP; Carbendazim 50WP; Fipronil 5% SC",,"Cooperatives","Technical Knowledge","Yes","KCC","600000","Yes","Cooperative; Money Lender; Commercial Bank","High Interest Rates; Indifference from Bank/Cooperative","No",,,,,,,,"High Premium; Long Settlement Time","Regulated market-mandi; Other: Mill","Farmer's Producer Organisations","Price fluctuation","7500","0","KVK; Other: Sugar Mill","Pradhan Mantri Kisan Samman Nidhi Yojana; Pradhan Mantri Fasal Bima Yojana; Kisan Credit Card (KCC) Scheme; Pradhan Mantri Krishi Sinchai Yojana; Mission for Integrated Development of Horticulture; Sub-Mission on Agriculture Mechanization",,,"No",,"No",,"1","5","Yes","Yes","6000","18000","24000","Yes","District level Health Centre; Government Primary Health Centre",,"More than 5 Km","Malaria; Gastrointestinal infection; Other: Cancer","Yes","Yes","Yes","No","No","No","Yes","Yes","Yes","Ayushman Bharat - PM Jan Arogya Yojana (PM-JAY); Swachh Bharat Abhiyan; Pradhan Mantri Surakshit Matritva Abhiyan; National Nutrition Mission (Poshan Abhiyaan); Rashtriya Swasthya Bima Yojana (RSBY); Jal Jeevan Mission (JJM); PM-KUSUM Scheme; Bharat VISTAAR; National Livestock Mission (NLM); Mission for Integrated Development of Horticulture (MIDH); Pradhan Mantri Matsya Sampada Yojana (PMMSY); National Beekeeping & Honey Mission (NBHM); eNAM (National Agriculture Market); Soil Health Card Scheme",,"No","Yes",
"5bbbff3b-aaa5-43a9-a557-13e8dd66e2e5","submitted","","Pankaj kumar ","2026-08-20","2026-08-21T17:51:57.489+00:00","Rajendra singh ","Akhlaur","Charthawal ","Mujaffarnagar ","Uttar Pradesh ","29.544505, 77.716943","9311229051","Inter","Male","General","2","2",,"Tubewell; Rain water; River","Sugarcane ","2","350","Wheat ",".3","14",,,,"Sugarcane","1.8","300","Wheat ","0.2","15",,"","","No",,,"Adopted","Adopted","Aware but not adopted","Aware but not adopted",,,"Not aware","Adopted","Adopted","Adopted","Adopted","Adopted","Adopted","Adopted","Aware but not adopted","Adopted","Rotavator; Seed drill; Sprayer; Harvester",,"Surface; Other: Flood irrigation","1200","Urea; DAP; SSP; MOP; FYM; Liquid Fertilizer; NPK; Micronutrient; Ammonium Sulphate","Cooperatives","Timely Availability; Inadequate Quantity; Other: Available not in time","3000","Chlorpyriphos 20% EC; Imidacloprid 17.8SL; Profenophos 50% EC; Quinalphos 25% EC; Mancozeb 75WP; Carbendazim 50WP; Fipronil 5% SC",,"Cooperatives","Technical Knowledge","Yes","KCC","600000","Yes","Cooperative; Money Lender; Commercial Bank","High Interest Rates; Indifference from Bank/Cooperative","No",,,,,,,,"High Premium; Long Settlement Time","Regulated market-mandi; Other: Mill","Farmer's Producer Organisations","Price fluctuation","7500","0","KVK; Other: Sugar Mill","Pradhan Mantri Kisan Samman Nidhi Yojana; Pradhan Mantri Fasal Bima Yojana; Kisan Credit Card (KCC) Scheme; Pradhan Mantri Krishi Sinchai Yojana; Mission for Integrated Development of Horticulture; Sub-Mission on Agriculture Mechanization",,,"No",,"No",,"1","5","Yes","Yes","6000","18000","24000","Yes","District level Health Centre; Government Primary Health Centre",,"More than 5 Km","Malaria; Gastrointestinal infection; Other: Cancer","Yes","Yes","Yes","No","No","No","Yes","Yes","Yes","Ayushman Bharat - PM Jan Arogya Yojana (PM-JAY); Swachh Bharat Abhiyan; Pradhan Mantri Surakshit Matritva Abhiyan; National Nutrition Mission (Poshan Abhiyaan); Rashtriya Swasthya Bima Yojana (RSBY); Jal Jeevan Mission (JJM); PM-KUSUM Scheme; Bharat VISTAAR; National Livestock Mission (NLM); Mission for Integrated Development of Horticulture (MIDH); Pradhan Mantri Matsya Sampada Yojana (PMMSY); National Beekeeping & Honey Mission (NBHM); eNAM (National Agriculture Market); Soil Health Card Scheme",,"No","Yes",
"a38256e5-8251-4e19-bb06-8ae10422c780","submitted","","Pankaj kumar ","2026-08-05","2026-08-13T14:47:24.39+00:00","Amit Kumar ","Shadhpur","Charthawal ","Mujaffarnagar ","Uttar Pradesh ","29.544505, 77.716943","7017270783","Inter","Male","OBC","1","1",,"Tubewell; Rain water; River","Sugarcane ","1","300","Wheat ",".5","14","",,,"Sugarcane","1","300","Wheat ",".5",,,"1","14","No",,,"Adopted","Adopted","Aware but not adopted","Aware but not adopted",,,"Not aware","Adopted","Adopted","Adopted","Adopted","Adopted","Adopted","Adopted","Aware but not adopted","Adopted","Rotavator; Seed drill; Sprayer; Harvester",,"Surface; Other: Flood irrigation","1200","Urea; DAP; SSP; MOP; FYM; Liquid Fertilizer; NPK; Micronutrient; Ammonium Sulphate","Cooperatives","Timely Availability; Inadequate Quantity; Other: Available not in time","3000","Chlorpyriphos 20% EC; Imidacloprid 17.8SL; Profenophos 50% EC; Quinalphos 25% EC; Mancozeb 75WP; Carbendazim 50WP; Fipronil 5% SC",,"Cooperatives","Technical Knowledge","Yes","KCC","600000","Yes","Cooperative; Money Lender; Commercial Bank","High Interest Rates; Indifference from Bank/Cooperative","No",,,,,,,,"High Premium; Long Settlement Time","Regulated market-mandi; Other: Mill","Farmer's Producer Organisations","Price fluctuation","7500","0","KVK; Other: Sugar Mill","Pradhan Mantri Kisan Samman Nidhi Yojana; Pradhan Mantri Fasal Bima Yojana; Kisan Credit Card (KCC) Scheme; Pradhan Mantri Krishi Sinchai Yojana; Mission for Integrated Development of Horticulture; Sub-Mission on Agriculture Mechanization",,,"No",,"No",,"1","5","Yes","Yes","6000","18000","24000","Yes","District level Health Centre; Government Primary Health Centre",,"More than 5 Km","Malaria; Gastrointestinal infection; Other: Cancer","Yes","Yes","Yes","No","No","No","Yes","Yes","Yes","Ayushman Bharat - PM Jan Arogya Yojana (PM-JAY); Swachh Bharat Abhiyan; Pradhan Mantri Surakshit Matritva Abhiyan; National Nutrition Mission (Poshan Abhiyaan); Rashtriya Swasthya Bima Yojana (RSBY); Jal Jeevan Mission (JJM); PM-KUSUM Scheme; Bharat VISTAAR; National Livestock Mission (NLM); Mission for Integrated Development of Horticulture (MIDH); Pradhan Mantri Matsya Sampada Yojana (PMMSY); National Beekeeping & Honey Mission (NBHM); eNAM (National Agriculture Market); Soil Health Card Scheme",,"No","Yes",
"5fd9ceeb-9a57-40f7-9136-b7ae4d63da0a","submitted","","Pankaj kumar ","2026-08-04","2026-08-13T14:37:04.239+00:00","Raj bala raj kumar ","Kacholi","Charthawal ","Muzaffarnagar ","Uttar Pradesh ","29.517293, 77.678568","9310268513","Inter","Male","General","2","2","0","Tubewell; Canal; Rain water; River","Sugarcane ","2","250","Wheat","0.1","16",,,,"Sugarcane ","2","250","Wheat","0.1","13",,,,"No",,,"Adopted","Adopted","Aware but not adopted","Aware but not adopted",,,"Adopted","Adopted","Adopted","Adopted","Adopted","Adopted","Adopted","Adopted","Aware but not adopted","Adopted","Rotavator; Seed drill; Sprayer; Harvester","2400","Surface; Other: Flood irrigation","15000","Urea; DAP; SSP; MOP; FYM; Liquid Fertilizer; NPK; Micronutrient; Ammonium Sulphate","Cooperatives","Timely Availability; Inadequate Quantity; Other: Available not in time","7500","Chlorpyriphos 20% EC; Imidacloprid 17.8SL; Profenophos 50% EC; Quinalphos 25% EC; Mancozeb 75WP; Carbendazim 50WP; Fipronil 5% SC",,"Cooperatives","Technical Knowledge","Yes","KCC","600000","Yes","Cooperative; Money Lender; Commercial Bank","High Interest Rates; Indifference from Bank/Cooperative","No",,,,,,,,"High Premium; Long Settlement Time","Regulated market-mandi; Other: Mill","Other: Sugar Mill","Price fluctuation; Other: Payment issue","12300","0","State Department of Agriculture; KVK; Agri University; Agri Clinic Centres; Other: Sugar Mill","Pradhan Mantri Kisan Samman Nidhi Yojana; Pradhan Mantri Fasal Bima Yojana; Kisan Credit Card (KCC) Scheme; Pradhan Mantri Krishi Sinchai Yojana; RKVY (RAFTAAR); Mission for Integrated Development of Horticulture; Sub-Mission on Agriculture Mechanization",,,"No",,"No",,"1","2","Yes","Yes","6500","5400","21000","Yes","Government Primary Health Centre; District level Health Centre",,"More than 5 Km","Malaria; Gastrointestinal infection; Vector borne diseases (dengue, chikungunya, Zika); Other: Cancer","Yes","Yes","Yes","Yes","Yes","No","Yes","Yes","Yes","Ayushman Bharat - PM Jan Arogya Yojana (PM-JAY); Swachh Bharat Abhiyan; Pradhan Mantri Surakshit Matritva Abhiyan; National Nutrition Mission (Poshan Abhiyaan); Rashtriya Swasthya Bima Yojana (RSBY); Jal Jeevan Mission (JJM); PM-KUSUM Scheme; Bharat VISTAAR; National Livestock Mission (NLM); Mission for Integrated Development of Horticulture (MIDH); Pradhan Mantri Matsya Sampada Yojana (PMMSY); National Beekeeping & Honey Mission (NBHM); eNAM (National Agriculture Market); Soil Health Card Scheme",,"No","Yes",
"3cb03ead-aaab-4715-8935-d7bf58b04aeb","submitted","","Pankaj kumar ","2026-08-04","2026-08-13T14:34:55.23+00:00","Ranveer mahavir ","Kacholi","Charthawal ","Muzaffarnagar ","Uttar Pradesh ","29.517293, 77.678568","9897664396","High School","Male","General","2","2","0","Tubewell; Canal; Rain water; River","Sugarcane ","2","250","Wheat","0.1","16",,,,"Sugarcane ","2","260","Wheat","0.1","13",,,,"No",,,"Adopted","Adopted","Aware but not adopted","Aware but not adopted",,,"Adopted","Adopted","Adopted","Adopted","Adopted","Adopted","Adopted","Adopted","Aware but not adopted","Adopted","Rotavator; Seed drill; Sprayer; Harvester","2400","Surface; Other: Flood irrigation","15000","Urea; DAP; SSP; MOP; FYM; Liquid Fertilizer; NPK; Micronutrient; Ammonium Sulphate","Cooperatives","Timely Availability; Inadequate Quantity; Other: Available not in time","7500","Chlorpyriphos 20% EC; Imidacloprid 17.8SL; Profenophos 50% EC; Quinalphos 25% EC; Mancozeb 75WP; Carbendazim 50WP; Fipronil 5% SC",,"Cooperatives","Technical Knowledge","Yes","KCC","600000","Yes","Cooperative; Money Lender; Commercial Bank","High Interest Rates; Indifference from Bank/Cooperative","No",,,,,,,,"High Premium; Long Settlement Time","Regulated market-mandi; Other: Mill","Other: Sugar Mill","Price fluctuation; Other: Payment issue","12300","0","State Department of Agriculture; KVK; Agri University; Agri Clinic Centres; Other: Sugar Mill","Pradhan Mantri Kisan Samman Nidhi Yojana; Pradhan Mantri Fasal Bima Yojana; Kisan Credit Card (KCC) Scheme; Pradhan Mantri Krishi Sinchai Yojana; RKVY (RAFTAAR); Mission for Integrated Development of Horticulture; Sub-Mission on Agriculture Mechanization",,,"No",,"No",,"1","2","Yes","Yes","6500","5400","21000","Yes","Government Primary Health Centre; District level Health Centre",,"More than 5 Km","Malaria; Gastrointestinal infection; Vector borne diseases (dengue, chikungunya, Zika); Other: Cancer","Yes","Yes","Yes","Yes","Yes","No","Yes","Yes","Yes","Ayushman Bharat - PM Jan Arogya Yojana (PM-JAY); Swachh Bharat Abhiyan; Pradhan Mantri Surakshit Matritva Abhiyan; National Nutrition Mission (Poshan Abhiyaan); Rashtriya Swasthya Bima Yojana (RSBY); Jal Jeevan Mission (JJM); PM-KUSUM Scheme; Bharat VISTAAR; National Livestock Mission (NLM); Mission for Integrated Development of Horticulture (MIDH); Pradhan Mantri Matsya Sampada Yojana (PMMSY); National Beekeeping & Honey Mission (NBHM); eNAM (National Agriculture Market); Soil Health Card Scheme",,"No","Yes",
"2e9207ff-e2c8-4380-98ac-587f390f7da8","submitted","","Pankaj kumar ","2026-08-04","2026-08-13T14:29:40.274+00:00","Parveen raj kumar ","Kacholi","Charthawal ","Muzaffarnagar ","Uttar Pradesh ","29.517293, 77.678568","9810268513","High School","Male","General","3","3","0","Tubewell; Canal; Rain water; River","Sugarcane ","3","260","Wheat","0.1","14",,,,"Sugarcane ","3","260","Wheat","0.1","13",,,,"No",,,"Adopted","Adopted","Aware but not adopted","Aware but not adopted",,,"Adopted","Adopted","Adopted","Adopted","Adopted","Adopted","Adopted","Adopted","Aware but not adopted","Adopted","Rotavator; Seed drill; Sprayer; Harvester","2400","Surface; Other: Flood irrigation","15000","Urea; DAP; SSP; MOP; FYM; Liquid Fertilizer; NPK; Micronutrient; Ammonium Sulphate","Cooperatives","Timely Availability; Inadequate Quantity; Other: Available not in time","7500","Chlorpyriphos 20% EC; Imidacloprid 17.8SL; Profenophos 50% EC; Quinalphos 25% EC; Mancozeb 75WP; Carbendazim 50WP; Fipronil 5% SC",,"Cooperatives","Technical Knowledge","Yes","KCC","600000","Yes","Cooperative; Money Lender; Commercial Bank","High Interest Rates; Indifference from Bank/Cooperative","No",,,,,,,,"High Premium; Long Settlement Time","Regulated market-mandi; Other: Mill","Other: Sugar Mill","Price fluctuation; Other: Payment issue","12300","0","State Department of Agriculture; KVK; Agri University; Agri Clinic Centres; Other: Sugar Mill","Pradhan Mantri Kisan Samman Nidhi Yojana; Pradhan Mantri Fasal Bima Yojana; Kisan Credit Card (KCC) Scheme; Pradhan Mantri Krishi Sinchai Yojana; RKVY (RAFTAAR); Mission for Integrated Development of Horticulture; Sub-Mission on Agriculture Mechanization",,,"No",,"No",,"1","2","Yes","Yes","6500","5400","21000","Yes","Government Primary Health Centre; District level Health Centre",,"More than 5 Km","Malaria; Gastrointestinal infection; Vector borne diseases (dengue, chikungunya, Zika); Other: Cancer","Yes","Yes","Yes","Yes","Yes","No","Yes","Yes","Yes","Ayushman Bharat - PM Jan Arogya Yojana (PM-JAY); Swachh Bharat Abhiyan; Pradhan Mantri Surakshit Matritva Abhiyan; National Nutrition Mission (Poshan Abhiyaan); Rashtriya Swasthya Bima Yojana (RSBY); Jal Jeevan Mission (JJM); PM-KUSUM Scheme; Bharat VISTAAR; National Livestock Mission (NLM); Mission for Integrated Development of Horticulture (MIDH); Pradhan Mantri Matsya Sampada Yojana (PMMSY); National Beekeeping & Honey Mission (NBHM); eNAM (National Agriculture Market); Soil Health Card Scheme",,"No","Yes",
"444686cf-be92-40f4-a39e-4941eff0d5d4","submitted","","Pankaj kumar ","2026-08-04","2026-08-13T14:25:11.6+00:00","Balram Singh ","Kacholi","Charthawal ","Muzaffarnagar ","Uttar Pradesh ","29.517293, 77.678568","9045859159","High School","Male","General","1","1","0","Tubewell; Canal; Rain water; River","Sugarcane ","1","250","Wheat","0.1","13",,,,"Sugarcane ","1","250","Wheat","0.1","13",,,,"No",,,"Adopted","Adopted","Aware but not adopted","Aware but not adopted",,,"Adopted","Adopted","Adopted","Adopted","Adopted","Adopted","Adopted","Adopted","Aware but not adopted","Adopted","Rotavator; Seed drill; Sprayer; Harvester","2400","Surface; Other: Flood irrigation","15000","Urea; DAP; SSP; MOP; FYM; Liquid Fertilizer; NPK; Micronutrient; Ammonium Sulphate","Cooperatives","Timely Availability; Inadequate Quantity; Other: Available not in time","7500","Chlorpyriphos 20% EC; Imidacloprid 17.8SL; Profenophos 50% EC; Quinalphos 25% EC; Mancozeb 75WP; Carbendazim 50WP; Fipronil 5% SC",,"Cooperatives","Technical Knowledge","Yes","KCC","600000","Yes","Cooperative; Money Lender; Commercial Bank","High Interest Rates; Indifference from Bank/Cooperative","No",,,,,,,,"High Premium; Long Settlement Time","Regulated market-mandi; Other: Mill","Other: Sugar Mill","Price fluctuation; Other: Payment issue","12300","0","State Department of Agriculture; KVK; Agri University; Agri Clinic Centres; Other: Sugar Mill","Pradhan Mantri Kisan Samman Nidhi Yojana; Pradhan Mantri Fasal Bima Yojana; Kisan Credit Card (KCC) Scheme; Pradhan Mantri Krishi Sinchai Yojana; RKVY (RAFTAAR); Mission for Integrated Development of Horticulture; Sub-Mission on Agriculture Mechanization",,,"No",,"No",,"1","2","Yes","Yes","6500","5400","21000","Yes","Government Primary Health Centre; District level Health Centre",,"More than 5 Km","Malaria; Gastrointestinal infection; Vector borne diseases (dengue, chikungunya, Zika); Other: Cancer","Yes","Yes","Yes","Yes","Yes","No","Yes","Yes","Yes","Ayushman Bharat - PM Jan Arogya Yojana (PM-JAY); Swachh Bharat Abhiyan; Pradhan Mantri Surakshit Matritva Abhiyan; National Nutrition Mission (Poshan Abhiyaan); Rashtriya Swasthya Bima Yojana (RSBY); Jal Jeevan Mission (JJM); PM-KUSUM Scheme; Bharat VISTAAR; National Livestock Mission (NLM); Mission for Integrated Development of Horticulture (MIDH); Pradhan Mantri Matsya Sampada Yojana (PMMSY); National Beekeeping & Honey Mission (NBHM); eNAM (National Agriculture Market); Soil Health Card Scheme",,"No","Yes",
"1ca66b2c-80d7-4d85-a446-5bb360ad02ce","submitted","","Pankaj kumar ","2026-08-04","2026-08-13T14:16:29.389+00:00","Chhida singh mahavir ","Kacholi","Charthawal ","Muzaffarnagar ","Uttar Pradesh ","29.517293, 77.678568","9045859159","High School","Male","General","2.1","2.1","0","Tubewell; Canal; Rain water; River","Sugarcane ","2","300","Wheat","0.1","15",,,,"Sugarcane ","2","300","Wheat","0.1","16",,,,"No",,,"Adopted","Adopted","Aware but not adopted","Aware but not adopted",,,"Adopted","Adopted","Adopted","Adopted","Adopted","Adopted","Adopted","Adopted","Aware but not adopted","Adopted","Rotavator; Seed drill; Sprayer; Harvester","2400","Surface; Other: Flood irrigation","15000","Urea; DAP; SSP; MOP; FYM; Liquid Fertilizer; NPK; Micronutrient; Ammonium Sulphate","Cooperatives","Timely Availability; Inadequate Quantity; Other: Available not in time","7500","Chlorpyriphos 20% EC; Imidacloprid 17.8SL; Profenophos 50% EC; Quinalphos 25% EC; Mancozeb 75WP; Carbendazim 50WP; Fipronil 5% SC",,"Cooperatives","Technical Knowledge","Yes","KCC","600000","Yes","Cooperative; Money Lender; Commercial Bank","High Interest Rates; Indifference from Bank/Cooperative","No",,,,,,,,"High Premium; Long Settlement Time","Regulated market-mandi; Other: Mill","Other: Sugar Mill","Price fluctuation; Other: Payment issue","12300","0","State Department of Agriculture; KVK; Agri University; Agri Clinic Centres; Other: Sugar Mill","Pradhan Mantri Kisan Samman Nidhi Yojana; Pradhan Mantri Fasal Bima Yojana; Kisan Credit Card (KCC) Scheme; Pradhan Mantri Krishi Sinchai Yojana; RKVY (RAFTAAR); Mission for Integrated Development of Horticulture; Sub-Mission on Agriculture Mechanization",,,"No",,"No",,"1","2","Yes","Yes","6500","5400","21000","Yes","Government Primary Health Centre; District level Health Centre",,"More than 5 Km","Malaria; Gastrointestinal infection; Vector borne diseases (dengue, chikungunya, Zika); Other: Cancer","Yes","Yes","Yes","Yes","Yes","No","Yes","Yes","Yes","Ayushman Bharat - PM Jan Arogya Yojana (PM-JAY); Swachh Bharat Abhiyan; Pradhan Mantri Surakshit Matritva Abhiyan; National Nutrition Mission (Poshan Abhiyaan); Rashtriya Swasthya Bima Yojana (RSBY); Jal Jeevan Mission (JJM); PM-KUSUM Scheme; Bharat VISTAAR; National Livestock Mission (NLM); Mission for Integrated Development of Horticulture (MIDH); Pradhan Mantri Matsya Sampada Yojana (PMMSY); National Beekeeping & Honey Mission (NBHM); eNAM (National Agriculture Market); Soil Health Card Scheme",,"No","Yes",
"bda3fc02-0e56-4484-bf77-df014f0598e1","submitted","","Pankaj kumar ","2026-08-04","2026-08-13T14:09:09.13+00:00","Mahesh singh","Kacholi","Charthawal ","Muzaffarnagar ","Uttar Pradesh ","29.517293, 77.678568","9897540673","High School","Male","General","2","2","0","Tubewell; Canal; Rain water; River","Sugarcane ","2","290","Wheat","0.1","13",,,,"Sugarcane ","2","290","Wheat","0.1","14",,,,"No",,,"Adopted","Adopted","Aware but not adopted","Aware but not adopted",,,"Adopted","Adopted","Adopted","Adopted","Adopted","Adopted","Adopted","Adopted","Aware but not adopted","Adopted","Rotavator; Seed drill; Sprayer; Harvester","2400","Surface; Other: Flood irrigation","15000","Urea; DAP; SSP; MOP; FYM; Liquid Fertilizer; NPK; Micronutrient; Ammonium Sulphate","Cooperatives","Timely Availability; Inadequate Quantity; Other: Available not in time","7500","Chlorpyriphos 20% EC; Imidacloprid 17.8SL; Profenophos 50% EC; Quinalphos 25% EC; Mancozeb 75WP; Carbendazim 50WP; Fipronil 5% SC",,"Cooperatives","Technical Knowledge","No","KCC","600000","Yes","Cooperative; Money Lender; Commercial Bank","High Interest Rates; Indifference from Bank/Cooperative","No",,,,,,,,"High Premium; Long Settlement Time","Regulated market-mandi; Other: Mill","Other: Sugar Mill","Price fluctuation; Other: Payment issue","12300","0","State Department of Agriculture; KVK; Agri University; Agri Clinic Centres; Other: Sugar Mill","Pradhan Mantri Kisan Samman Nidhi Yojana; Pradhan Mantri Fasal Bima Yojana; Kisan Credit Card (KCC) Scheme; Pradhan Mantri Krishi Sinchai Yojana; RKVY (RAFTAAR); Mission for Integrated Development of Horticulture; Sub-Mission on Agriculture Mechanization",,,"No",,"No",,"1","2","Yes","Yes","6500","5400","21000","Yes","Government Primary Health Centre; District level Health Centre",,"More than 5 Km","Malaria; Gastrointestinal infection; Vector borne diseases (dengue, chikungunya, Zika); Other: Cancer","Yes","Yes","Yes","Yes","Yes","No","Yes","Yes","Yes","Ayushman Bharat - PM Jan Arogya Yojana (PM-JAY); Swachh Bharat Abhiyan; Pradhan Mantri Surakshit Matritva Abhiyan; National Nutrition Mission (Poshan Abhiyaan); Rashtriya Swasthya Bima Yojana (RSBY); Jal Jeevan Mission (JJM); PM-KUSUM Scheme; Bharat VISTAAR; National Livestock Mission (NLM); Mission for Integrated Development of Horticulture (MIDH); Pradhan Mantri Matsya Sampada Yojana (PMMSY); National Beekeeping & Honey Mission (NBHM); eNAM (National Agriculture Market); Soil Health Card Scheme",,"No","Yes",
"51da4ca3-20df-49af-87d9-e2ddccab8a38","submitted","","Pankaj kumar ","2026-08-13","2026-08-13T14:00:45.374+00:00","Pranav jaiswal ","Khampur","Sadar Muzaffarnagar","Muzaffarnagar ","Uttar Pradesh ","29.517293, 77.678568","9286418748","High School","Male","OBC","3.5","3.5","0","Tubewell; Canal; Rain water; River","Sugarcane ","3","380","Wheat","0.5","14",,,,"Sugarcane ","3","360","Wheat","0.5","14",,,,"No",,,"Adopted","Adopted","Aware but not adopted","Aware but not adopted",,,"Adopted","Adopted","Adopted","Adopted","Adopted","Adopted","Adopted","Adopted","Aware but not adopted","Adopted","Rotavator; Seed drill; Sprayer; Harvester","2400","Surface; Other: Flood irrigation","15000","Urea; DAP; SSP; MOP; FYM; Liquid Fertilizer; NPK; Micronutrient; Ammonium Sulphate","Cooperatives","Timely Availability; Inadequate Quantity; Other: Available not in time","7500","Chlorpyriphos 20% EC; Imidacloprid 17.8SL; Profenophos 50% EC; Quinalphos 25% EC; Mancozeb 75WP; Carbendazim 50WP; Fipronil 5% SC",,"Cooperatives","Technical Knowledge","No","KCC","600000","Yes","Cooperative; Money Lender; Commercial Bank","High Interest Rates; Indifference from Bank/Cooperative","No",,,,,,,,"High Premium; Long Settlement Time","Regulated market-mandi; Other: Mill","Other: Sugar Mill","Price fluctuation; Other: Payment issue","12300","0","State Department of Agriculture; KVK; Agri University; Agri Clinic Centres; Other: Sugar Mill","Pradhan Mantri Kisan Samman Nidhi Yojana; Pradhan Mantri Fasal Bima Yojana; Kisan Credit Card (KCC) Scheme; Pradhan Mantri Krishi Sinchai Yojana; RKVY (RAFTAAR); Mission for Integrated Development of Horticulture; Sub-Mission on Agriculture Mechanization",,,"No",,"No",,"1","2","Yes","Yes","6500","5400","21000","Yes","Government Primary Health Centre; District level Health Centre",,"More than 5 Km","Malaria; Gastrointestinal infection; Vector borne diseases (dengue, chikungunya, Zika); Other: Cancer","Yes","Yes","Yes","Yes","Yes","No","Yes","Yes","Yes","Ayushman Bharat - PM Jan Arogya Yojana (PM-JAY); Swachh Bharat Abhiyan; Pradhan Mantri Surakshit Matritva Abhiyan; National Nutrition Mission (Poshan Abhiyaan); Rashtriya Swasthya Bima Yojana (RSBY); Jal Jeevan Mission (JJM); PM-KUSUM Scheme; Bharat VISTAAR; National Livestock Mission (NLM); Mission for Integrated Development of Horticulture (MIDH); Pradhan Mantri Matsya Sampada Yojana (PMMSY); National Beekeeping & Honey Mission (NBHM); eNAM (National Agriculture Market); Soil Health Card Scheme",,"No","Yes",
"c9147677-a4f7-4f0d-951f-4f5d06fc102e","submitted","","Pankaj kumar ","2026-08-13","2026-08-13T13:56:46.08+00:00","Harshit raushwal","Khampur","Sadar Muzaffarnagar","Muzaffarnagar ","Uttar Pradesh ","29.517293, 77.678568","9917908643","High School","Male","OBC","2","2","0","Tubewell; Canal; Rain water; River","Sugarcane ","2","360","Wheat","0.2","10",,,,"Sugarcane ","2","360","Wheat","0.2","15",,,,"No",,,"Adopted","Adopted","Aware but not adopted","Aware but not adopted",,,"Adopted","Adopted","Adopted","Adopted","Adopted","Adopted","Adopted","Adopted","Aware but not adopted","Adopted","Rotavator; Seed drill; Sprayer; Harvester","2400","Surface; Other: Flood irrigation","15000","Urea; DAP; SSP; MOP; FYM; Liquid Fertilizer; NPK; Micronutrient; Ammonium Sulphate","Cooperatives","Timely Availability; Inadequate Quantity; Other: Available not in time","7500","Chlorpyriphos 20% EC; Imidacloprid 17.8SL; Profenophos 50% EC; Quinalphos 25% EC; Mancozeb 75WP; Carbendazim 50WP; Fipronil 5% SC",,"Cooperatives","Technical Knowledge","No","KCC","600000","Yes","Cooperative; Money Lender; Commercial Bank","High Interest Rates; Indifference from Bank/Cooperative","No",,,,,,,,"High Premium; Long Settlement Time","Regulated market-mandi; Other: Mill","Other: Sugar Mill","Price fluctuation; Other: Payment issue","12300","0","State Department of Agriculture; KVK; Agri University; Agri Clinic Centres; Other: Sugar Mill","Pradhan Mantri Kisan Samman Nidhi Yojana; Pradhan Mantri Fasal Bima Yojana; Kisan Credit Card (KCC) Scheme; Pradhan Mantri Krishi Sinchai Yojana; RKVY (RAFTAAR); Mission for Integrated Development of Horticulture; Sub-Mission on Agriculture Mechanization",,,"No",,"No",,"1","2","Yes","Yes","6500","5400","21000","Yes","Government Primary Health Centre; District level Health Centre",,"More than 5 Km","Malaria; Gastrointestinal infection; Vector borne diseases (dengue, chikungunya, Zika); Other: Cancer","Yes","Yes","Yes","Yes","Yes","No","Yes","Yes","Yes","Ayushman Bharat - PM Jan Arogya Yojana (PM-JAY); Swachh Bharat Abhiyan; Pradhan Mantri Surakshit Matritva Abhiyan; National Nutrition Mission (Poshan Abhiyaan); Rashtriya Swasthya Bima Yojana (RSBY); Jal Jeevan Mission (JJM); PM-KUSUM Scheme; Bharat VISTAAR; National Livestock Mission (NLM); Mission for Integrated Development of Horticulture (MIDH); Pradhan Mantri Matsya Sampada Yojana (PMMSY); National Beekeeping & Honey Mission (NBHM); eNAM (National Agriculture Market); Soil Health Card Scheme",,"No","Yes",
"6d6ca6f7-965a-40e8-a345-424741b82780","submitted","","Pankaj kumar ","2026-08-13","2026-08-13T13:54:01.919+00:00","Md kadir","Khampur","Sadar Muzaffarnagar","Muzaffarnagar ","Uttar Pradesh ","29.517293, 77.678568","9719647450","Inter","Male","OBC","4","4","0","Tubewell; Canal; Rain water; River","Sugarcane ","3.8","340","Wheat","0.2","16",,,,"Sugarcane ","3.8","340","Wheat","0.2","15",,,,"No",,,"Adopted","Adopted","Aware but not adopted","Aware but not adopted",,,"Adopted","Adopted","Adopted","Adopted","Adopted","Adopted","Adopted","Adopted","Aware but not adopted","Adopted","Rotavator; Seed drill; Sprayer; Harvester","2400","Surface; Other: Flood irrigation","15000","Urea; DAP; SSP; MOP; FYM; Liquid Fertilizer; NPK; Micronutrient; Ammonium Sulphate","Cooperatives","Timely Availability; Inadequate Quantity; Other: Available not in time","7500","Chlorpyriphos 20% EC; Imidacloprid 17.8SL; Profenophos 50% EC; Quinalphos 25% EC; Mancozeb 75WP; Carbendazim 50WP; Fipronil 5% SC",,"Cooperatives","Technical Knowledge","No","KCC","600000","Yes","Cooperative; Money Lender; Commercial Bank","High Interest Rates; Indifference from Bank/Cooperative","No",,,,,,,,"High Premium; Long Settlement Time","Regulated market-mandi; Other: Mill","Other: Sugar Mill","Price fluctuation; Other: Payment issue","12300","0","State Department of Agriculture; KVK; Agri University; Agri Clinic Centres; Other: Sugar Mill","Pradhan Mantri Kisan Samman Nidhi Yojana; Pradhan Mantri Fasal Bima Yojana; Kisan Credit Card (KCC) Scheme; Pradhan Mantri Krishi Sinchai Yojana; RKVY (RAFTAAR); Mission for Integrated Development of Horticulture; Sub-Mission on Agriculture Mechanization",,,"No",,"No",,"1","2","Yes","Yes","6500","5400","21000","Yes","Government Primary Health Centre; District level Health Centre",,"More than 5 Km","Malaria; Gastrointestinal infection; Vector borne diseases (dengue, chikungunya, Zika); Other: Cancer","Yes","Yes","Yes","Yes","Yes","No","Yes","Yes","Yes","Ayushman Bharat - PM Jan Arogya Yojana (PM-JAY); Swachh Bharat Abhiyan; Pradhan Mantri Surakshit Matritva Abhiyan; National Nutrition Mission (Poshan Abhiyaan); Rashtriya Swasthya Bima Yojana (RSBY); Jal Jeevan Mission (JJM); PM-KUSUM Scheme; Bharat VISTAAR; National Livestock Mission (NLM); Mission for Integrated Development of Horticulture (MIDH); Pradhan Mantri Matsya Sampada Yojana (PMMSY); National Beekeeping & Honey Mission (NBHM); eNAM (National Agriculture Market); Soil Health Card Scheme",,"No","Yes",
"562e632f-fdb5-44eb-ab59-3776d5d46ec0","submitted","","Pankaj kumar ","2026-08-13","2026-08-13T13:51:46.541+00:00","Badar alm","Khampur","Sadar Muzaffarnagar","Muzaffarnagar ","Uttar Pradesh ","29.517293, 77.678568","9639155385","Degree","Male","OBC","3","3","0","Tubewell; Canal; Rain water; River","Sugarcane ","2.8","330","Wheat","0.2","14",,,,"Sugarcane ","2.8","330","Wheat","0.2","15",,,,"No",,,"Adopted","Adopted","Aware but not adopted","Aware but not adopted",,,"Adopted","Adopted","Adopted","Adopted","Adopted","Adopted","Adopted","Adopted","Aware but not adopted","Adopted","Rotavator; Seed drill; Sprayer; Harvester","2400","Surface; Other: Flood irrigation","15000","Urea; DAP; SSP; MOP; FYM; Liquid Fertilizer; NPK; Micronutrient; Ammonium Sulphate","Cooperatives","Timely Availability; Inadequate Quantity; Other: Available not in time","7500","Chlorpyriphos 20% EC; Imidacloprid 17.8SL; Profenophos 50% EC; Quinalphos 25% EC; Mancozeb 75WP; Carbendazim 50WP; Fipronil 5% SC",,"Cooperatives","Technical Knowledge","No","KCC","600000","Yes","Cooperative; Money Lender; Commercial Bank","High Interest Rates; Indifference from Bank/Cooperative","No",,,,,,,,"High Premium; Long Settlement Time","Regulated market-mandi; Other: Mill","Other: Sugar Mill","Price fluctuation; Other: Payment issue","12300","0","State Department of Agriculture; KVK; Agri University; Agri Clinic Centres; Other: Sugar Mill","Pradhan Mantri Kisan Samman Nidhi Yojana; Pradhan Mantri Fasal Bima Yojana; Kisan Credit Card (KCC) Scheme; Pradhan Mantri Krishi Sinchai Yojana; RKVY (RAFTAAR); Mission for Integrated Development of Horticulture; Sub-Mission on Agriculture Mechanization",,,"No",,"No",,"1","2","Yes","Yes","6500","5400","21000","Yes","Government Primary Health Centre; District level Health Centre",,"More than 5 Km","Malaria; Gastrointestinal infection; Vector borne diseases (dengue, chikungunya, Zika); Other: Cancer","Yes","Yes","Yes","Yes","Yes","No","Yes","Yes","Yes","Ayushman Bharat - PM Jan Arogya Yojana (PM-JAY); Swachh Bharat Abhiyan; Pradhan Mantri Surakshit Matritva Abhiyan; National Nutrition Mission (Poshan Abhiyaan); Rashtriya Swasthya Bima Yojana (RSBY); Jal Jeevan Mission (JJM); PM-KUSUM Scheme; Bharat VISTAAR; National Livestock Mission (NLM); Mission for Integrated Development of Horticulture (MIDH); Pradhan Mantri Matsya Sampada Yojana (PMMSY); National Beekeeping & Honey Mission (NBHM); eNAM (National Agriculture Market); Soil Health Card Scheme",,"No","Yes",
"d8c8d877-f102-41f5-85c5-81ca464ffdf4","submitted","","Pankaj kumar ","2026-08-13","2026-08-13T13:49:17.637+00:00","Wasif","Khampur","Sadar Muzaffarnagar","Muzaffarnagar ","Uttar Pradesh ","29.517293, 77.678568","9358555662","High School","Male","OBC","7","7","0","Tubewell; Canal; Rain water; River","Sugarcane ","6.8","400","Wheat","0.2","16",,,,"Sugarcane ","6.8","390","Wheat","0.2","15",,,,"No",,,"Adopted","Adopted","Aware but not adopted","Aware but not adopted",,,"Adopted","Adopted","Adopted","Adopted","Adopted","Adopted","Adopted","Adopted","Aware but not adopted","Adopted","Rotavator; Seed drill; Sprayer; Harvester","2400","Surface; Other: Flood irrigation","15000","Urea; DAP; SSP; MOP; FYM; Liquid Fertilizer; NPK; Micronutrient; Ammonium Sulphate","Cooperatives","Timely Availability; Inadequate Quantity; Other: Available not in time","7500","Chlorpyriphos 20% EC; Imidacloprid 17.8SL; Profenophos 50% EC; Quinalphos 25% EC; Mancozeb 75WP; Carbendazim 50WP; Fipronil 5% SC",,"Cooperatives","Technical Knowledge","No","KCC","600000","Yes","Cooperative; Money Lender; Commercial Bank","High Interest Rates; Indifference from Bank/Cooperative","No",,,,,,,,"High Premium; Long Settlement Time","Regulated market-mandi; Other: Mill","Other: Sugar Mill","Price fluctuation; Other: Payment issue","12300","0","State Department of Agriculture; KVK; Agri University; Agri Clinic Centres; Other: Sugar Mill","Pradhan Mantri Kisan Samman Nidhi Yojana; Pradhan Mantri Fasal Bima Yojana; Kisan Credit Card (KCC) Scheme; Pradhan Mantri Krishi Sinchai Yojana; RKVY (RAFTAAR); Mission for Integrated Development of Horticulture; Sub-Mission on Agriculture Mechanization",,,"No",,"No",,"1","2","Yes","Yes","6500","5400","21000","Yes","Government Primary Health Centre; District level Health Centre",,"More than 5 Km","Malaria; Gastrointestinal infection; Vector borne diseases (dengue, chikungunya, Zika); Other: Cancer","Yes","Yes","Yes","Yes","Yes","No","Yes","Yes","Yes","Ayushman Bharat - PM Jan Arogya Yojana (PM-JAY); Swachh Bharat Abhiyan; Pradhan Mantri Surakshit Matritva Abhiyan; National Nutrition Mission (Poshan Abhiyaan); Rashtriya Swasthya Bima Yojana (RSBY); Jal Jeevan Mission (JJM); PM-KUSUM Scheme; Bharat VISTAAR; National Livestock Mission (NLM); Mission for Integrated Development of Horticulture (MIDH); Pradhan Mantri Matsya Sampada Yojana (PMMSY); National Beekeeping & Honey Mission (NBHM); eNAM (National Agriculture Market); Soil Health Card Scheme",,"No","Yes",
"9cdffc7e-760e-46f5-a874-a7473af5af3e","submitted","","Pankaj kumar ","2026-08-13","2026-08-13T13:45:42.497+00:00","Sharike","Khampur","Sadar Muzaffarnagar","Muzaffarnagar ","Uttar Pradesh ","29.517293, 77.678568","9870988403","Inter","Male","OBC","2","2","0","Tubewell; Canal; Rain water; River","Sugarcane ","1.8","310","Wheat","0.2","16",,,,"Sugarcane ","1.8","300","Wheat","0.2","13",,,,"No",,,"Adopted","Adopted","Aware but not adopted","Aware but not adopted",,,"Adopted","Adopted","Adopted","Adopted","Adopted","Adopted","Adopted","Adopted","Aware but not adopted","Adopted","Rotavator; Seed drill; Sprayer; Harvester","2400","Surface; Other: Flood irrigation","15000","Urea; DAP; SSP; MOP; FYM; Liquid Fertilizer; NPK; Micronutrient; Ammonium Sulphate","Cooperatives","Timely Availability; Inadequate Quantity; Other: Available not in time","7500","Chlorpyriphos 20% EC; Imidacloprid 17.8SL; Profenophos 50% EC; Quinalphos 25% EC; Mancozeb 75WP; Carbendazim 50WP; Fipronil 5% SC",,"Cooperatives","Technical Knowledge","No","KCC","600000","Yes","Cooperative; Money Lender; Commercial Bank","High Interest Rates; Indifference from Bank/Cooperative","No",,,,,,,,"High Premium; Long Settlement Time","Regulated market-mandi; Other: Mill","Other: Sugar Mill","Price fluctuation; Other: Payment issue","12300","0","State Department of Agriculture; KVK; Agri University; Agri Clinic Centres; Other: Sugar Mill","Pradhan Mantri Kisan Samman Nidhi Yojana; Pradhan Mantri Fasal Bima Yojana; Kisan Credit Card (KCC) Scheme; Pradhan Mantri Krishi Sinchai Yojana; RKVY (RAFTAAR); Mission for Integrated Development of Horticulture; Sub-Mission on Agriculture Mechanization",,,"No",,"No",,"1","2","Yes","Yes","6500","5400","21000","Yes","Government Primary Health Centre; District level Health Centre",,"More than 5 Km","Malaria; Gastrointestinal infection; Vector borne diseases (dengue, chikungunya, Zika); Other: Cancer","Yes","Yes","Yes","Yes","Yes","No","Yes","Yes","Yes","Ayushman Bharat - PM Jan Arogya Yojana (PM-JAY); Swachh Bharat Abhiyan; Pradhan Mantri Surakshit Matritva Abhiyan; National Nutrition Mission (Poshan Abhiyaan); Rashtriya Swasthya Bima Yojana (RSBY); Jal Jeevan Mission (JJM); PM-KUSUM Scheme; Bharat VISTAAR; National Livestock Mission (NLM); Mission for Integrated Development of Horticulture (MIDH); Pradhan Mantri Matsya Sampada Yojana (PMMSY); National Beekeeping & Honey Mission (NBHM); eNAM (National Agriculture Market); Soil Health Card Scheme",,"No","Yes",
"8ed22b18-dc6a-4218-a161-6d83b0300c98","submitted","","Pankaj kumar ","2026-08-13","2026-08-13T13:38:52.759+00:00"," Md Mufeed ","Khampur","Sadar Muzaffarnagar","Muzaffarnagar ","Uttar Pradesh ","29.517293, 77.678568","7417750990","Post Graduate","Male","OBC","1.5","1.5","0","Tubewell; Canal; Rain water; River","Sugarcane ","1","380","Wheat","0.5","14",,,,"Sugarcane ","1","360","Wheat","0.5","15",,,,"No",,,"Adopted","Adopted","Aware but not adopted","Aware but not adopted",,,"Adopted","Adopted","Adopted","Adopted","Adopted","Adopted","Adopted","Adopted","Aware but not adopted","Adopted","Rotavator; Seed drill; Sprayer; Harvester","2400","Surface; Other: Flood irrigation","15000","Urea; DAP; SSP; MOP; FYM; Liquid Fertilizer; NPK; Micronutrient; Ammonium Sulphate","Cooperatives","Timely Availability; Inadequate Quantity; Other: Available not in time","7500","Chlorpyriphos 20% EC; Imidacloprid 17.8SL; Profenophos 50% EC; Quinalphos 25% EC; Mancozeb 75WP; Carbendazim 50WP; Fipronil 5% SC",,"Cooperatives","Technical Knowledge","No","KCC","600000","Yes","Cooperative; Money Lender; Commercial Bank","High Interest Rates; Indifference from Bank/Cooperative","No",,,,,,,,"High Premium; Long Settlement Time","Regulated market-mandi; Other: Mill","Other: Sugar Mill","Price fluctuation; Other: Payment issue","12300","0","State Department of Agriculture; KVK; Agri University; Agri Clinic Centres; Other: Sugar Mill","Pradhan Mantri Kisan Samman Nidhi Yojana; Pradhan Mantri Fasal Bima Yojana; Kisan Credit Card (KCC) Scheme; Pradhan Mantri Krishi Sinchai Yojana; RKVY (RAFTAAR); Mission for Integrated Development of Horticulture; Sub-Mission on Agriculture Mechanization",,,"No",,"No",,"1","2","Yes","Yes","6500","5400","21000","Yes","Government Primary Health Centre; District level Health Centre",,"More than 5 Km","Malaria; Gastrointestinal infection; Vector borne diseases (dengue, chikungunya, Zika); Other: Cancer","Yes","Yes","Yes","Yes","Yes","No","Yes","Yes","Yes","Ayushman Bharat - PM Jan Arogya Yojana (PM-JAY); Swachh Bharat Abhiyan; Pradhan Mantri Surakshit Matritva Abhiyan; National Nutrition Mission (Poshan Abhiyaan); Rashtriya Swasthya Bima Yojana (RSBY); Jal Jeevan Mission (JJM); PM-KUSUM Scheme; Bharat VISTAAR; National Livestock Mission (NLM); Mission for Integrated Development of Horticulture (MIDH); Pradhan Mantri Matsya Sampada Yojana (PMMSY); National Beekeeping & Honey Mission (NBHM); eNAM (National Agriculture Market); Soil Health Card Scheme",,"No","Yes",
"40f9f7ca-0a1e-4f81-8312-31398352952e","submitted","","Pankaj kumar ","2026-08-13","2026-08-13T13:36:02.894+00:00","Md amir","Khampur","Sadar Muzaffarnagar","Muzaffarnagar ","Uttar Pradesh ","29.517293, 77.678568","9759644072","Inter","Male","OBC","4.5","4.5","0","Tubewell; Canal; Rain water; River","Sugarcane ","4","350","Wheat","0.5","15",,,,"Sugarcane ","4","350","Wheat","0.5","15",,,,"No",,,"Adopted","Adopted","Aware but not adopted","Aware but not adopted",,,"Adopted","Adopted","Adopted","Adopted","Adopted","Adopted","Adopted","Adopted","Aware but not adopted","Adopted","Rotavator; Seed drill; Sprayer; Harvester","2400","Surface; Other: Flood irrigation","15000","Urea; DAP; SSP; MOP; FYM; Liquid Fertilizer; NPK; Micronutrient; Ammonium Sulphate","Cooperatives","Timely Availability; Inadequate Quantity; Other: Available not in time","7500","Chlorpyriphos 20% EC; Imidacloprid 17.8SL; Profenophos 50% EC; Quinalphos 25% EC; Mancozeb 75WP; Carbendazim 50WP; Fipronil 5% SC",,"Cooperatives","Technical Knowledge","No","KCC","600000","Yes","Cooperative; Money Lender; Commercial Bank","High Interest Rates; Indifference from Bank/Cooperative","No",,,,,,,,"High Premium; Long Settlement Time","Regulated market-mandi; Other: Mill","Other: Sugar Mill","Price fluctuation; Other: Payment issue","12300","0","State Department of Agriculture; KVK; Agri University; Agri Clinic Centres; Other: Sugar Mill","Pradhan Mantri Kisan Samman Nidhi Yojana; Pradhan Mantri Fasal Bima Yojana; Kisan Credit Card (KCC) Scheme; Pradhan Mantri Krishi Sinchai Yojana; RKVY (RAFTAAR); Mission for Integrated Development of Horticulture; Sub-Mission on Agriculture Mechanization",,,"No",,"No",,"1","2","Yes","Yes","6500","5400","21000","Yes","Government Primary Health Centre; District level Health Centre",,"More than 5 Km","Malaria; Gastrointestinal infection; Vector borne diseases (dengue, chikungunya, Zika); Other: Cancer","Yes","Yes","Yes","Yes","Yes","No","Yes","Yes","Yes","Ayushman Bharat - PM Jan Arogya Yojana (PM-JAY); Swachh Bharat Abhiyan; Pradhan Mantri Surakshit Matritva Abhiyan; National Nutrition Mission (Poshan Abhiyaan); Rashtriya Swasthya Bima Yojana (RSBY); Jal Jeevan Mission (JJM); PM-KUSUM Scheme; Bharat VISTAAR; National Livestock Mission (NLM); Mission for Integrated Development of Horticulture (MIDH); Pradhan Mantri Matsya Sampada Yojana (PMMSY); National Beekeeping & Honey Mission (NBHM); eNAM (National Agriculture Market); Soil Health Card Scheme",,"No","Yes",
"38d90ba8-529f-45e7-b5e4-746ff2df1ece","submitted","","Pankaj kumar ","2026-08-13","2026-08-13T13:31:57.242+00:00","Nashir khan","Khampur","Sadar Muzaffarnagar","Muzaffarnagar ","Uttar Pradesh ","29.517293, 77.678568","7351023232","High School","Male","OBC","3.5","3.5","0","Tubewell; Canal; Rain water; River","Sugarcane ","3","360","Wheat","0.5","11",,,,"Sugarcane ","3","360","Wheat","0.5","14",,,,"No",,,"Adopted","Adopted","Aware but not adopted","Aware but not adopted",,,"Adopted","Adopted","Adopted","Adopted","Adopted","Adopted","Adopted","Adopted","Aware but not adopted","Adopted","Rotavator; Seed drill; Sprayer; Harvester","2400","Surface; Other: Flood irrigation","15000","Urea; DAP; SSP; MOP; FYM; Liquid Fertilizer; NPK; Micronutrient; Ammonium Sulphate","Cooperatives","Timely Availability; Inadequate Quantity; Other: Available not in time","7500","Chlorpyriphos 20% EC; Imidacloprid 17.8SL; Profenophos 50% EC; Quinalphos 25% EC; Mancozeb 75WP; Carbendazim 50WP; Fipronil 5% SC",,"Cooperatives","Technical Knowledge","No","KCC","600000","Yes","Cooperative; Money Lender; Commercial Bank","High Interest Rates; Indifference from Bank/Cooperative","No",,,,,,,,"High Premium; Long Settlement Time","Regulated market-mandi; Other: Mill","Other: Sugar Mill","Price fluctuation; Other: Payment issue","12300","0","State Department of Agriculture; KVK; Agri University; Agri Clinic Centres; Other: Sugar Mill","Pradhan Mantri Kisan Samman Nidhi Yojana; Pradhan Mantri Fasal Bima Yojana; Kisan Credit Card (KCC) Scheme; Pradhan Mantri Krishi Sinchai Yojana; RKVY (RAFTAAR); Mission for Integrated Development of Horticulture; Sub-Mission on Agriculture Mechanization",,,"No",,"No",,"1","2","Yes","Yes","6500","5400","21000","Yes","Government Primary Health Centre; District level Health Centre",,"More than 5 Km","Malaria; Gastrointestinal infection; Vector borne diseases (dengue, chikungunya, Zika); Other: Cancer","Yes","Yes","Yes","Yes","Yes","No","Yes","Yes","Yes","Ayushman Bharat - PM Jan Arogya Yojana (PM-JAY); Swachh Bharat Abhiyan; Pradhan Mantri Surakshit Matritva Abhiyan; National Nutrition Mission (Poshan Abhiyaan); Rashtriya Swasthya Bima Yojana (RSBY); Jal Jeevan Mission (JJM); PM-KUSUM Scheme; Bharat VISTAAR; National Livestock Mission (NLM); Mission for Integrated Development of Horticulture (MIDH); Pradhan Mantri Matsya Sampada Yojana (PMMSY); National Beekeeping & Honey Mission (NBHM); eNAM (National Agriculture Market); Soil Health Card Scheme",,"No","Yes",
"ef416ba4-bebc-4b34-8140-3617210474f6","submitted","","Pankaj kumar ","2026-08-13","2026-08-13T13:26:00.951+00:00","Latapat","Khampur","Sadar Muzaffarnagar","Muzaffarnagar ","Uttar Pradesh ","29.517293, 77.678568","7668108141","Middle","Male","OBC","4","4","0","Tubewell; Canal; Rain water; River","Sugarcane ","3.8","310","Wheat","0.2","13",,,,"Sugarcane ","3.8","300","Wheat","0.2","12",,,,"No",,,"Adopted","Adopted","Aware but not adopted","Aware but not adopted",,,"Adopted","Adopted","Adopted","Adopted","Adopted","Adopted","Adopted","Adopted","Aware but not adopted","Adopted","Rotavator; Seed drill; Sprayer; Harvester","2400","Surface; Other: Flood irrigation","15000","Urea; DAP; SSP; MOP; FYM; Liquid Fertilizer; NPK; Micronutrient; Ammonium Sulphate","Cooperatives","Timely Availability; Inadequate Quantity; Other: Available not in time","7500","Chlorpyriphos 20% EC; Imidacloprid 17.8SL; Profenophos 50% EC; Quinalphos 25% EC; Mancozeb 75WP; Carbendazim 50WP; Fipronil 5% SC",,"Cooperatives","Technical Knowledge","No","KCC","600000","Yes","Cooperative; Money Lender; Commercial Bank","High Interest Rates; Indifference from Bank/Cooperative","No",,,,,,,,"High Premium; Long Settlement Time","Regulated market-mandi; Other: Mill","Other: Sugar Mill","Price fluctuation; Other: Payment issue","12300","0","State Department of Agriculture; KVK; Agri University; Agri Clinic Centres; Other: Sugar Mill","Pradhan Mantri Kisan Samman Nidhi Yojana; Pradhan Mantri Fasal Bima Yojana; Kisan Credit Card (KCC) Scheme; Pradhan Mantri Krishi Sinchai Yojana; RKVY (RAFTAAR); Mission for Integrated Development of Horticulture; Sub-Mission on Agriculture Mechanization",,,"No",,"No",,"1","2","Yes","Yes","6500","5400","21000","Yes","Government Primary Health Centre; District level Health Centre",,"More than 5 Km","Malaria; Gastrointestinal infection; Vector borne diseases (dengue, chikungunya, Zika); Other: Cancer","Yes","Yes","Yes","Yes","Yes","No","Yes","Yes","Yes","Ayushman Bharat - PM Jan Arogya Yojana (PM-JAY); Swachh Bharat Abhiyan; Pradhan Mantri Surakshit Matritva Abhiyan; National Nutrition Mission (Poshan Abhiyaan); Rashtriya Swasthya Bima Yojana (RSBY); Jal Jeevan Mission (JJM); PM-KUSUM Scheme; Bharat VISTAAR; National Livestock Mission (NLM); Mission for Integrated Development of Horticulture (MIDH); Pradhan Mantri Matsya Sampada Yojana (PMMSY); National Beekeeping & Honey Mission (NBHM); eNAM (National Agriculture Market); Soil Health Card Scheme",,"No","Yes",
"6e7d0608-2d64-4e9b-9197-9f630e5f575b","submitted","","Pankaj kumar ","2026-08-13","2026-08-13T13:21:39.372+00:00","Junaid ali","Khampur","Sadar Muzaffarnagar","Muzaffarnagar ","Uttar Pradesh ","29.517293, 77.678568","9259795283","Middle","Male","OBC","1.6","1.6","0","Tubewell; Canal; Rain water; River","Sugarcane ","1.5","300","Wheat","0.1","15",,,,"Sugarcane ","1.5","300","Wheat","0.1","15",,,,"No",,,"Adopted","Adopted","Aware but not adopted","Aware but not adopted",,,"Adopted","Adopted","Adopted","Adopted","Adopted","Adopted","Adopted","Adopted","Aware but not adopted","Adopted","Rotavator; Seed drill; Sprayer; Harvester","2400","Surface; Other: Flood irrigation","15000","Urea; DAP; SSP; MOP; FYM; Liquid Fertilizer; NPK; Micronutrient; Ammonium Sulphate","Cooperatives","Timely Availability; Inadequate Quantity; Other: Available not in time","7500","Chlorpyriphos 20% EC; Imidacloprid 17.8SL; Profenophos 50% EC; Quinalphos 25% EC; Mancozeb 75WP; Carbendazim 50WP; Fipronil 5% SC",,"Cooperatives","Technical Knowledge","No","KCC","600000","Yes","Cooperative; Money Lender; Commercial Bank","High Interest Rates; Indifference from Bank/Cooperative","No",,,,,,,,"High Premium; Long Settlement Time","Regulated market-mandi; Other: Mill","Other: Sugar Mill","Price fluctuation; Other: Payment issue","12300","0","State Department of Agriculture; KVK; Agri University; Agri Clinic Centres; Other: Sugar Mill","Pradhan Mantri Kisan Samman Nidhi Yojana; Pradhan Mantri Fasal Bima Yojana; Kisan Credit Card (KCC) Scheme; Pradhan Mantri Krishi Sinchai Yojana; RKVY (RAFTAAR); Mission for Integrated Development of Horticulture; Sub-Mission on Agriculture Mechanization",,,"No",,"No",,"1","2","Yes","Yes","6500","5400","21000","Yes","Government Primary Health Centre; District level Health Centre",,"More than 5 Km","Malaria; Gastrointestinal infection; Vector borne diseases (dengue, chikungunya, Zika); Other: Cancer","Yes","Yes","Yes","Yes","Yes","No","Yes","Yes","Yes","Ayushman Bharat - PM Jan Arogya Yojana (PM-JAY); Swachh Bharat Abhiyan; Pradhan Mantri Surakshit Matritva Abhiyan; National Nutrition Mission (Poshan Abhiyaan); Rashtriya Swasthya Bima Yojana (RSBY); Jal Jeevan Mission (JJM); PM-KUSUM Scheme; Bharat VISTAAR; National Livestock Mission (NLM); Mission for Integrated Development of Horticulture (MIDH); Pradhan Mantri Matsya Sampada Yojana (PMMSY); National Beekeeping & Honey Mission (NBHM); eNAM (National Agriculture Market); Soil Health Card Scheme",,"No","Yes",
"2010c168-51cf-4f85-ba18-0e4f8f216728","submitted","","Pankaj kumar ","2026-08-13","2026-08-13T13:16:57.243+00:00","Md firoz","Khampur","Sadar Muzaffarnagar","Muzaffarnagar ","Uttar Pradesh ","29.517293, 77.678568","8077958424","Degree","Male","OBC","3","3",,"Tubewell; Canal; Rain water; River","Sugarcane ","2.8","280","Wheat","0.2","14",,,,"Sugarcane ","2.8","280","Wheat","0.2","15",,,,"No",,,"Adopted","Adopted","Aware but not adopted","Aware but not adopted",,,"Adopted","Adopted","Adopted","Adopted","Adopted","Adopted","Adopted","Adopted","Aware but not adopted","Adopted","Rotavator; Seed drill; Sprayer; Harvester","2400","Surface; Other: Flood irrigation","15000","Urea; DAP; SSP; MOP; FYM; Liquid Fertilizer; NPK; Micronutrient; Ammonium Sulphate","Cooperatives","Timely Availability; Inadequate Quantity; Other: Available not in time","7500","Chlorpyriphos 20% EC; Imidacloprid 17.8SL; Profenophos 50% EC; Quinalphos 25% EC; Mancozeb 75WP; Carbendazim 50WP; Fipronil 5% SC",,"Cooperatives","Technical Knowledge","No","KCC","600000","Yes","Cooperative; Money Lender; Commercial Bank","High Interest Rates; Indifference from Bank/Cooperative","No",,,,,,,,"High Premium; Long Settlement Time","Regulated market-mandi; Other: Mill","Other: Sugar Mill","Price fluctuation; Other: Payment issue","12300","0","State Department of Agriculture; KVK; Agri University; Agri Clinic Centres; Other: Sugar Mill","Pradhan Mantri Kisan Samman Nidhi Yojana; Pradhan Mantri Fasal Bima Yojana; Kisan Credit Card (KCC) Scheme; Pradhan Mantri Krishi Sinchai Yojana; RKVY (RAFTAAR); Mission for Integrated Development of Horticulture; Sub-Mission on Agriculture Mechanization",,,"No",,"No",,"1","2","Yes","Yes","6500","5400","21000","Yes","Government Primary Health Centre; District level Health Centre",,"More than 5 Km","Malaria; Gastrointestinal infection; Vector borne diseases (dengue, chikungunya, Zika); Other: Cancer","Yes","Yes","Yes","Yes","Yes","No","Yes","Yes","Yes","Ayushman Bharat - PM Jan Arogya Yojana (PM-JAY); Swachh Bharat Abhiyan; Pradhan Mantri Surakshit Matritva Abhiyan; National Nutrition Mission (Poshan Abhiyaan); Rashtriya Swasthya Bima Yojana (RSBY); Jal Jeevan Mission (JJM); PM-KUSUM Scheme; Bharat VISTAAR; National Livestock Mission (NLM); Mission for Integrated Development of Horticulture (MIDH); Pradhan Mantri Matsya Sampada Yojana (PMMSY); National Beekeeping & Honey Mission (NBHM); eNAM (National Agriculture Market); Soil Health Card Scheme",,"No","Yes",
"2bb75d35-f77f-48ca-b5dd-69177cd1e554","submitted","","Pankaj kumar ","2026-08-13","2026-08-13T13:13:07.968+00:00","Md salim","Khampur","Sadar Muzaffarnagar","Muzaffarnagar ","Uttar Pradesh ","29.517293, 77.678568","6396944187","Inter","Male","OBC","3.5","3.5",,"Tubewell; Canal; Rain water; River","Sugarcane ","3","250","Wheat","0.5","13",,,,"Sugarcane ","3","280","Wheat","0.5","15",,,,"No",,,"Adopted","Adopted","Aware but not adopted","Aware but not adopted",,,"Adopted","Adopted","Adopted","Adopted","Adopted","Adopted","Adopted","Adopted","Aware but not adopted","Adopted","Rotavator; Seed drill; Sprayer; Harvester","2400","Surface; Other: Flood irrigation","15000","Urea; DAP; SSP; MOP; FYM; Liquid Fertilizer; NPK; Micronutrient; Ammonium Sulphate","Cooperatives","Timely Availability; Inadequate Quantity; Other: Available not in time","7500","Chlorpyriphos 20% EC; Imidacloprid 17.8SL; Profenophos 50% EC; Quinalphos 25% EC; Mancozeb 75WP; Carbendazim 50WP; Fipronil 5% SC",,"Cooperatives","Technical Knowledge","No","KCC","600000","Yes","Cooperative; Money Lender; Commercial Bank","High Interest Rates; Indifference from Bank/Cooperative","No",,,,,,,,"High Premium; Long Settlement Time","Regulated market-mandi; Other: Mill","Other: Sugar Mill","Price fluctuation; Other: Payment issue","12300","0","State Department of Agriculture; KVK; Agri University; Agri Clinic Centres; Other: Sugar Mill","Pradhan Mantri Kisan Samman Nidhi Yojana; Pradhan Mantri Fasal Bima Yojana; Kisan Credit Card (KCC) Scheme; Pradhan Mantri Krishi Sinchai Yojana; RKVY (RAFTAAR); Mission for Integrated Development of Horticulture; Sub-Mission on Agriculture Mechanization",,,"No",,"No",,"0","4","Yes","Yes","6500","5400","21000","Yes","Government Primary Health Centre; District level Health Centre",,"More than 5 Km","Malaria; Gastrointestinal infection; Vector borne diseases (dengue, chikungunya, Zika); Other: Cancer","Yes","Yes","Yes","Yes","Yes","No","Yes","Yes","Yes","Ayushman Bharat - PM Jan Arogya Yojana (PM-JAY); Swachh Bharat Abhiyan; Pradhan Mantri Surakshit Matritva Abhiyan; National Nutrition Mission (Poshan Abhiyaan); Rashtriya Swasthya Bima Yojana (RSBY); Jal Jeevan Mission (JJM); PM-KUSUM Scheme; Bharat VISTAAR; National Livestock Mission (NLM); Mission for Integrated Development of Horticulture (MIDH); Pradhan Mantri Matsya Sampada Yojana (PMMSY); National Beekeeping & Honey Mission (NBHM); eNAM (National Agriculture Market); Soil Health Card Scheme",,"No","Yes",
"a9931b23-fb50-4a3e-87ef-04e3b8121736","submitted","","Pankaj kumar ","2026-08-13","2026-08-13T13:10:10.137+00:00","Shadrulislam","Khampur","Sadar Muzaffarnagar","Muzaffarnagar ","Uttar Pradesh ","29.517293, 77.678568","9012424020","Middle","Male","OBC","6","6","","Tubewell; Canal; Rain water; River","Sugarcane ","5.5","300","Wheat","0.5","16",,,,"Sugarcane ","5.5","330","Wheat","0.5","15",,,,"No",,,"Adopted","Adopted","Aware but not adopted","Aware but not adopted",,,"Adopted","Adopted","Adopted","Adopted","Adopted","Adopted","Adopted","Adopted","Aware but not adopted","Adopted","Rotavator; Seed drill; Sprayer; Harvester","2400","Surface; Other: Flood irrigation","15000","Urea; DAP; SSP; MOP; FYM; Liquid Fertilizer; NPK; Micronutrient; Ammonium Sulphate","Cooperatives","Timely Availability; Inadequate Quantity; Other: Available not in time","7500","Chlorpyriphos 20% EC; Imidacloprid 17.8SL; Profenophos 50% EC; Quinalphos 25% EC; Mancozeb 75WP; Carbendazim 50WP; Fipronil 5% SC",,"Cooperatives","Technical Knowledge","No","KCC","600000","Yes","Cooperative; Money Lender; Commercial Bank","High Interest Rates; Indifference from Bank/Cooperative","No",,,,,,,,"High Premium; Long Settlement Time","Regulated market-mandi; Other: Mill","Other: Sugar Mill","Price fluctuation; Other: Payment issue","12300","0","State Department of Agriculture; KVK; Agri University; Agri Clinic Centres; Other: Sugar Mill","Pradhan Mantri Kisan Samman Nidhi Yojana; Pradhan Mantri Fasal Bima Yojana; Kisan Credit Card (KCC) Scheme; Pradhan Mantri Krishi Sinchai Yojana; RKVY (RAFTAAR); Mission for Integrated Development of Horticulture; Sub-Mission on Agriculture Mechanization",,,"No",,"No",,"0","4","Yes","Yes","6500","5400","21000","Yes","Government Primary Health Centre; District level Health Centre",,"More than 5 Km","Malaria; Gastrointestinal infection; Vector borne diseases (dengue, chikungunya, Zika); Other: Cancer","Yes","Yes","Yes","Yes","Yes","No","Yes","Yes","Yes","Ayushman Bharat - PM Jan Arogya Yojana (PM-JAY); Swachh Bharat Abhiyan; Pradhan Mantri Surakshit Matritva Abhiyan; National Nutrition Mission (Poshan Abhiyaan); Rashtriya Swasthya Bima Yojana (RSBY); Jal Jeevan Mission (JJM); PM-KUSUM Scheme; Bharat VISTAAR; National Livestock Mission (NLM); Mission for Integrated Development of Horticulture (MIDH); Pradhan Mantri Matsya Sampada Yojana (PMMSY); National Beekeeping & Honey Mission (NBHM); eNAM (National Agriculture Market); Soil Health Card Scheme",,"No","Yes",
"a3c73469-30ec-421d-b2fa-8eb5179a79f9","submitted","","Pankaj kumar ","2026-08-13","2026-08-13T13:06:58.843+00:00","Khalikuzzama","Khampur","Sadar Muzaffarnagar","Muzaffarnagar ","Uttar Pradesh ","29.517293, 77.678568","9012424020","Middle","Male","OBC","3","3","0","Tubewell; Canal; Rain water; River","Sugarcane ","2.6","320","Wheat","0.4","14",,,,"Sugarcane ","2.6","330","Wheat","0.4","15",,,,"No",,,"Adopted","Adopted","Aware but not adopted","Aware but not adopted",,,"Adopted","Adopted","Adopted","Adopted","Adopted","Adopted","Adopted","Adopted","Aware but not adopted","Adopted","Rotavator; Seed drill; Sprayer; Harvester","2400","Surface; Other: Flood irrigation","15000","Urea; DAP; SSP; MOP; FYM; Liquid Fertilizer; NPK; Micronutrient; Ammonium Sulphate","Cooperatives","Timely Availability; Inadequate Quantity; Other: Available not in time","7500","Chlorpyriphos 20% EC; Imidacloprid 17.8SL; Profenophos 50% EC; Quinalphos 25% EC; Mancozeb 75WP; Carbendazim 50WP; Fipronil 5% SC",,"Cooperatives","Technical Knowledge","No","KCC","600000","Yes","Cooperative; Money Lender; Commercial Bank","High Interest Rates; Indifference from Bank/Cooperative","No",,,,,,,,"High Premium; Long Settlement Time","Regulated market-mandi; Other: Mill","Other: Sugar Mill","Price fluctuation; Other: Payment issue","12300","0","State Department of Agriculture; KVK; Agri University; Agri Clinic Centres; Other: Sugar Mill","Pradhan Mantri Kisan Samman Nidhi Yojana; Pradhan Mantri Fasal Bima Yojana; Kisan Credit Card (KCC) Scheme; Pradhan Mantri Krishi Sinchai Yojana; RKVY (RAFTAAR); Mission for Integrated Development of Horticulture; Sub-Mission on Agriculture Mechanization",,,"No",,"No",,"0","4","Yes","Yes","6500","5400","21000","Yes","Government Primary Health Centre; District level Health Centre",,"More than 5 Km","Malaria; Gastrointestinal infection; Vector borne diseases (dengue, chikungunya, Zika); Other: Cancer","Yes","Yes","Yes","Yes","Yes","No","Yes","Yes","Yes","Ayushman Bharat - PM Jan Arogya Yojana (PM-JAY); Swachh Bharat Abhiyan; Pradhan Mantri Surakshit Matritva Abhiyan; National Nutrition Mission (Poshan Abhiyaan); Rashtriya Swasthya Bima Yojana (RSBY); Jal Jeevan Mission (JJM); PM-KUSUM Scheme; Bharat VISTAAR; National Livestock Mission (NLM); Mission for Integrated Development of Horticulture (MIDH); Pradhan Mantri Matsya Sampada Yojana (PMMSY); National Beekeeping & Honey Mission (NBHM); eNAM (National Agriculture Market); Soil Health Card Scheme",,"No","Yes",
"a85ec3ed-0da8-44d3-a705-a9045366b30e","submitted","","Pankaj kumar ","2026-08-13","2026-08-13T13:04:25.756+00:00","Md sakib","Khampur","Sadar Muzaffarnagar","Muzaffarnagar ","Uttar Pradesh ","29.517293, 77.678568","6396944187","Inter","Male","OBC","3","3","0","Tubewell; Canal; Rain water; River","Sugarcane ","2.6","300","Wheat","0.4","11",,,,"Sugarcane ","2.6","300","Wheat","0.4","12",,,,"No",,,"Adopted","Adopted","Aware but not adopted","Aware but not adopted",,,"Adopted","Adopted","Adopted","Adopted","Adopted","Adopted","Adopted","Adopted","Aware but not adopted","Adopted","Rotavator; Seed drill; Sprayer; Harvester","2400","Surface; Other: Flood irrigation","15000","Urea; DAP; SSP; MOP; FYM; Liquid Fertilizer; NPK; Micronutrient; Ammonium Sulphate","Cooperatives","Timely Availability; Inadequate Quantity; Other: Available not in time","7500","Chlorpyriphos 20% EC; Imidacloprid 17.8SL; Profenophos 50% EC; Quinalphos 25% EC; Mancozeb 75WP; Carbendazim 50WP; Fipronil 5% SC",,"Cooperatives","Technical Knowledge","No","KCC","600000","Yes","Cooperative; Money Lender; Commercial Bank","High Interest Rates; Indifference from Bank/Cooperative","No",,,,,,,,"High Premium; Long Settlement Time","Regulated market-mandi; Other: Mill","Other: Sugar Mill","Price fluctuation; Other: Payment issue","12300","0","State Department of Agriculture; KVK; Agri University; Agri Clinic Centres; Other: Sugar Mill","Pradhan Mantri Kisan Samman Nidhi Yojana; Pradhan Mantri Fasal Bima Yojana; Kisan Credit Card (KCC) Scheme; Pradhan Mantri Krishi Sinchai Yojana; RKVY (RAFTAAR); Mission for Integrated Development of Horticulture; Sub-Mission on Agriculture Mechanization",,,"No",,"No",,"0","4","Yes","Yes","6500","5400","21000","Yes","Government Primary Health Centre; District level Health Centre",,"More than 5 Km","Malaria; Gastrointestinal infection; Vector borne diseases (dengue, chikungunya, Zika); Other: Cancer","Yes","Yes","Yes","Yes","Yes","No","Yes","Yes","Yes","Ayushman Bharat - PM Jan Arogya Yojana (PM-JAY); Swachh Bharat Abhiyan; Pradhan Mantri Surakshit Matritva Abhiyan; National Nutrition Mission (Poshan Abhiyaan); Rashtriya Swasthya Bima Yojana (RSBY); Jal Jeevan Mission (JJM); PM-KUSUM Scheme; Bharat VISTAAR; National Livestock Mission (NLM); Mission for Integrated Development of Horticulture (MIDH); Pradhan Mantri Matsya Sampada Yojana (PMMSY); National Beekeeping & Honey Mission (NBHM); eNAM (National Agriculture Market); Soil Health Card Scheme",,"No","Yes",
"4eba814c-73cb-4d87-a68b-fb28ffb7d9cb","submitted","","Pankaj kumar ","2026-08-12","2026-08-12T09:25:01.634+00:00","Md fareed ","Didaheri","Charthawal","Muzaffarnagar ","Uttar Pradesh ","29.517293, 77.678568","9761649968","Middle","Male","General","1","1.5","0","Tubewell; Canal; Rain water","Sugarcane ","1","380","Wheat","0.5","15",,,,"Sugarcane ","1","380","Wheat","0.5","16",,,,"No",,,"Adopted","Adopted","Aware but not adopted","Aware but not adopted",,,"Adopted","Adopted","Adopted","Adopted","Adopted","Adopted","Adopted","Adopted","Aware but not adopted","Adopted","Rotavator; Seed drill; Sprayer; Harvester","2400","Surface; Other: Flood irrigation","15000","Urea; DAP; SSP; MOP; FYM; Liquid Fertilizer; NPK; Micronutrient; Ammonium Sulphate","Cooperatives","Timely Availability; Inadequate Quantity; Other: Available not in time","7500","Chlorpyriphos 20% EC; Imidacloprid 17.8SL; Profenophos 50% EC; Quinalphos 25% EC; Mancozeb 75WP; Carbendazim 50WP; Fipronil 5% SC",,"Cooperatives","Technical Knowledge","Yes","KCC","600000","Yes","Cooperative; Money Lender; Commercial Bank","High Interest Rates; Indifference from Bank/Cooperative","No",,,,,,,,"High Premium; Long Settlement Time","Regulated market-mandi; Other: Mill","Other: Sugar Mill","Price fluctuation; Other: Payment issue","12300","0","State Department of Agriculture; KVK; Agri University; Agri Clinic Centres; Other: Sugar Mill","Pradhan Mantri Kisan Samman Nidhi Yojana; Pradhan Mantri Fasal Bima Yojana; Kisan Credit Card (KCC) Scheme; Pradhan Mantri Krishi Sinchai Yojana; RKVY (RAFTAAR); Mission for Integrated Development of Horticulture; Sub-Mission on Agriculture Mechanization",,,"No",,"No",,"0","4","Yes","Yes","6500","5400","21000","Yes","Government Primary Health Centre; District level Health Centre",,"More than 5 Km","Malaria; Gastrointestinal infection; Vector borne diseases (dengue, chikungunya, Zika); Other: Cancer","Yes","Yes","Yes","Yes","Yes","No","Yes","Yes","Yes","Ayushman Bharat - PM Jan Arogya Yojana (PM-JAY); Swachh Bharat Abhiyan; Pradhan Mantri Surakshit Matritva Abhiyan; National Nutrition Mission (Poshan Abhiyaan); Rashtriya Swasthya Bima Yojana (RSBY); Jal Jeevan Mission (JJM); PM-KUSUM Scheme; Bharat VISTAAR; National Livestock Mission (NLM); Mission for Integrated Development of Horticulture (MIDH); Pradhan Mantri Matsya Sampada Yojana (PMMSY); National Beekeeping & Honey Mission (NBHM); eNAM (National Agriculture Market); Soil Health Card Scheme",,"No","Yes",
"4e752780-d442-4ce8-8302-4ba03688e736","submitted","","Pankaj kumar ","2026-08-12","2026-08-12T09:19:45.172+00:00","Md Rashid ","Didaheri","Charthawal","Muzaffarnagar ","Uttar Pradesh ","29.517281, 77.678607","9837503437","Middle","Male","General","2","2","0","Tubewell; Canal; Rain water","Sugarcane ","1.8","340","Wheat","0.2","12",,,,"Sugarcane ","1.8","340","Wheat","0.2","12",,,,"No",,,"Adopted","Adopted","Aware but not adopted","Aware but not adopted",,,"Adopted","Adopted","Adopted","Adopted","Adopted","Adopted","Adopted","Adopted","Aware but not adopted","Adopted","Rotavator; Seed drill; Sprayer; Harvester","2400","Surface; Other: Flood irrigation","15000","Urea; DAP; SSP; MOP; FYM; Liquid Fertilizer; NPK; Micronutrient; Ammonium Sulphate","Cooperatives","Timely Availability; Inadequate Quantity; Other: Available not in time","7500","Chlorpyriphos 20% EC; Imidacloprid 17.8SL; Profenophos 50% EC; Quinalphos 25% EC; Mancozeb 75WP; Carbendazim 50WP; Fipronil 5% SC",,"Cooperatives","Technical Knowledge","Yes","KCC","600000","Yes","Cooperative; Money Lender; Commercial Bank","High Interest Rates; Indifference from Bank/Cooperative","No",,,,,,,,"High Premium; Long Settlement Time","Regulated market-mandi; Other: Mill","Other: Sugar Mill","Price fluctuation; Other: Payment issue","12300","0","State Department of Agriculture; KVK; Agri University; Agri Clinic Centres; Other: Sugar Mill","Pradhan Mantri Kisan Samman Nidhi Yojana; Pradhan Mantri Fasal Bima Yojana; Kisan Credit Card (KCC) Scheme; Pradhan Mantri Krishi Sinchai Yojana; RKVY (RAFTAAR); Mission for Integrated Development of Horticulture; Sub-Mission on Agriculture Mechanization",,,"No",,"No",,"0","4","Yes","Yes","6500","5400","21000","Yes","Government Primary Health Centre; District level Health Centre",,"More than 5 Km","Malaria; Gastrointestinal infection; Vector borne diseases (dengue, chikungunya, Zika); Other: Cancer","Yes","Yes","Yes","Yes","Yes","No","Yes","Yes","Yes","Ayushman Bharat - PM Jan Arogya Yojana (PM-JAY); Swachh Bharat Abhiyan; Pradhan Mantri Surakshit Matritva Abhiyan; National Nutrition Mission (Poshan Abhiyaan); Rashtriya Swasthya Bima Yojana (RSBY); Jal Jeevan Mission (JJM); PM-KUSUM Scheme; Bharat VISTAAR; National Livestock Mission (NLM); Mission for Integrated Development of Horticulture (MIDH); Pradhan Mantri Matsya Sampada Yojana (PMMSY); National Beekeeping & Honey Mission (NBHM); eNAM (National Agriculture Market); Soil Health Card Scheme",,"No","Yes",
"04cb0365-5ca6-49bd-a64a-abf53b669cff","submitted","","Pankaj kumar ","2026-08-12","2026-08-12T09:17:22.756+00:00","Wahid","Didaheri","Charthawal","Muzaffarnagar ","Uttar Pradesh ","29.517280, 77.678605","9675521615","Middle","Male","General","1.5","1.5","0","Tubewell; Canal; Rain water","Sugarcane ","1","450","Wheat","0.5","15",,,,"Sugarcane ","1","450","Wheat","0.5","18",,,,"No",,,"Adopted","Adopted","Aware but not adopted","Aware but not adopted",,,"Adopted","Adopted","Adopted","Adopted","Adopted","Adopted","Adopted","Adopted","Aware but not adopted","Adopted","Rotavator; Seed drill; Sprayer; Harvester","2400","Surface; Other: Flood irrigation","15000","Urea; DAP; SSP; MOP; FYM; Liquid Fertilizer; NPK; Micronutrient; Ammonium Sulphate","Cooperatives","Timely Availability; Inadequate Quantity; Other: Available not in time","7500","Chlorpyriphos 20% EC; Imidacloprid 17.8SL; Profenophos 50% EC; Quinalphos 25% EC; Mancozeb 75WP; Carbendazim 50WP; Fipronil 5% SC",,"Cooperatives","Technical Knowledge","Yes","KCC","600000","Yes","Cooperative; Money Lender; Commercial Bank","High Interest Rates; Indifference from Bank/Cooperative","No",,,,,,,,"High Premium; Long Settlement Time","Regulated market-mandi; Other: Mill","Other: Sugar Mill","Price fluctuation; Other: Payment issue","12300","0","State Department of Agriculture; KVK; Agri University; Agri Clinic Centres; Other: Sugar Mill","Pradhan Mantri Kisan Samman Nidhi Yojana; Pradhan Mantri Fasal Bima Yojana; Kisan Credit Card (KCC) Scheme; Pradhan Mantri Krishi Sinchai Yojana; RKVY (RAFTAAR); Mission for Integrated Development of Horticulture; Sub-Mission on Agriculture Mechanization",,,"No",,"No",,"0","4","Yes","Yes","6500","5400","21000","Yes","Government Primary Health Centre; District level Health Centre",,"More than 5 Km","Malaria; Gastrointestinal infection; Vector borne diseases (dengue, chikungunya, Zika); Other: Cancer","Yes","Yes","Yes","Yes","Yes","No","Yes","Yes","Yes","Ayushman Bharat - PM Jan Arogya Yojana (PM-JAY); Swachh Bharat Abhiyan; Pradhan Mantri Surakshit Matritva Abhiyan; National Nutrition Mission (Poshan Abhiyaan); Rashtriya Swasthya Bima Yojana (RSBY); Jal Jeevan Mission (JJM); PM-KUSUM Scheme; Bharat VISTAAR; National Livestock Mission (NLM); Mission for Integrated Development of Horticulture (MIDH); Pradhan Mantri Matsya Sampada Yojana (PMMSY); National Beekeeping & Honey Mission (NBHM); eNAM (National Agriculture Market); Soil Health Card Scheme",,"No","Yes",
"10713b9a-eeae-4ec8-84a7-7832ed73eec3","submitted","","Pankaj kumar ","2026-08-12","2026-08-12T09:15:22.87+00:00","Md Abid","Didaheri","Charthawal","Muzaffarnagar ","Uttar Pradesh ","29.517285, 77.678598","9761649968","Degree","Male","General","1.2","1.2","0","Tubewell; Canal; Rain water","Sugarcane ","1","400","Wheat","0.2","16",,,,"Sugarcane ","1","400","Wheat","0.2","16",,,,"No",,,"Adopted","Adopted","Aware but not adopted","Aware but not adopted",,,"Adopted","Adopted","Adopted","Adopted","Adopted","Adopted","Adopted","Adopted","Aware but not adopted","Adopted","Rotavator; Seed drill; Sprayer; Harvester","2400","Surface; Other: Flood irrigation","15000","Urea; DAP; SSP; MOP; FYM; Liquid Fertilizer; NPK; Micronutrient; Ammonium Sulphate","Cooperatives","Timely Availability; Inadequate Quantity; Other: Available not in time","7500","Chlorpyriphos 20% EC; Imidacloprid 17.8SL; Profenophos 50% EC; Quinalphos 25% EC; Mancozeb 75WP; Carbendazim 50WP; Fipronil 5% SC",,"Cooperatives","Technical Knowledge","Yes","KCC","600000","Yes","Cooperative; Money Lender; Commercial Bank","High Interest Rates; Indifference from Bank/Cooperative","No",,,,,,,,"High Premium; Long Settlement Time","Regulated market-mandi; Other: Mill","Other: Sugar Mill","Price fluctuation; Other: Payment issue","12300","0","State Department of Agriculture; KVK; Agri University; Agri Clinic Centres; Other: Sugar Mill","Pradhan Mantri Kisan Samman Nidhi Yojana; Pradhan Mantri Fasal Bima Yojana; Kisan Credit Card (KCC) Scheme; Pradhan Mantri Krishi Sinchai Yojana; RKVY (RAFTAAR); Mission for Integrated Development of Horticulture; Sub-Mission on Agriculture Mechanization",,,"No",,"No",,"0","4","Yes","Yes","6500","5400","21000","Yes","Government Primary Health Centre; District level Health Centre",,"More than 5 Km","Malaria; Gastrointestinal infection; Vector borne diseases (dengue, chikungunya, Zika); Other: Cancer","Yes","Yes","Yes","Yes","Yes","No","Yes","Yes","Yes","Ayushman Bharat - PM Jan Arogya Yojana (PM-JAY); Swachh Bharat Abhiyan; Pradhan Mantri Surakshit Matritva Abhiyan; National Nutrition Mission (Poshan Abhiyaan); Rashtriya Swasthya Bima Yojana (RSBY); Jal Jeevan Mission (JJM); PM-KUSUM Scheme; Bharat VISTAAR; National Livestock Mission (NLM); Mission for Integrated Development of Horticulture (MIDH); Pradhan Mantri Matsya Sampada Yojana (PMMSY); National Beekeeping & Honey Mission (NBHM); eNAM (National Agriculture Market); Soil Health Card Scheme",,"No","Yes",
"1d1c7bae-c5eb-42ce-b730-191a17a7a1cd","submitted","","Pankaj kumar ","2026-08-12","2026-08-12T09:10:00.628+00:00","Rabia","Didaheri","Charthawal","Muzaffarnagar ","Uttar Pradesh ","29.538294, 77.699003","9410826204","Middle","Female","General","1","1","0","Tubewell; Canal; Rain water","Sugarcane ","1","330","Wheat","0.2","12",,,,"Sugarcane ","1","320","Wheat","0.2","14",,,,"No",,,"Adopted","Adopted","Aware but not adopted","Aware but not adopted",,,"Adopted","Adopted","Adopted","Adopted","Adopted","Adopted","Adopted","Adopted","Aware but not adopted","Adopted","Rotavator; Seed drill; Sprayer; Harvester","2400","Surface; Other: Flood irrigation","15000","Urea; DAP; SSP; MOP; FYM; Liquid Fertilizer; NPK; Micronutrient; Ammonium Sulphate","Cooperatives","Timely Availability; Inadequate Quantity; Other: Available not in time","7500","Chlorpyriphos 20% EC; Imidacloprid 17.8SL; Profenophos 50% EC; Quinalphos 25% EC; Mancozeb 75WP; Carbendazim 50WP; Fipronil 5% SC",,"Cooperatives","Technical Knowledge","Yes","KCC","600000","Yes","Cooperative; Money Lender; Commercial Bank","High Interest Rates; Indifference from Bank/Cooperative","No",,,,,,,,"High Premium; Long Settlement Time","Regulated market-mandi; Other: Mill","Other: Sugar Mill","Price fluctuation; Other: Payment issue","12300","0","State Department of Agriculture; KVK; Agri University; Agri Clinic Centres; Other: Sugar Mill","Pradhan Mantri Kisan Samman Nidhi Yojana; Pradhan Mantri Fasal Bima Yojana; Kisan Credit Card (KCC) Scheme; Pradhan Mantri Krishi Sinchai Yojana; RKVY (RAFTAAR); Mission for Integrated Development of Horticulture; Sub-Mission on Agriculture Mechanization",,,"No",,"No",,"0","4","Yes","Yes","6500","5400","21000","Yes","Government Primary Health Centre; District level Health Centre",,"More than 5 Km","Malaria; Gastrointestinal infection; Vector borne diseases (dengue, chikungunya, Zika); Other: Cancer","Yes","Yes","Yes","Yes","Yes","No","Yes","Yes","Yes","Ayushman Bharat - PM Jan Arogya Yojana (PM-JAY); Swachh Bharat Abhiyan; Pradhan Mantri Surakshit Matritva Abhiyan; National Nutrition Mission (Poshan Abhiyaan); Rashtriya Swasthya Bima Yojana (RSBY); Jal Jeevan Mission (JJM); PM-KUSUM Scheme; Bharat VISTAAR; National Livestock Mission (NLM); Mission for Integrated Development of Horticulture (MIDH); Pradhan Mantri Matsya Sampada Yojana (PMMSY); National Beekeeping & Honey Mission (NBHM); eNAM (National Agriculture Market); Soil Health Card Scheme",,"No","Yes",
"4cf61166-0651-4215-87e2-9bc8f6eeefa8","submitted","","Pankaj kumar ","2026-08-12","2026-08-12T07:12:23.055+00:00","Hasrat ali","Didaheri","Charthawal","Muzaffarnagar ","Uttar Pradesh ","29.517281, 77.678606","9720862892","Inter","Male","General","1","1","0","Tubewell; Canal; Rain water","Sugarcane ","1","380","Wheat","0.2","17",,,,"Sugarcane ","1","380","Wheat","0.2","16",,,,"No",,,"Adopted","Adopted","Aware but not adopted","Aware but not adopted",,,"Adopted","Adopted","Adopted","Adopted","Adopted","Adopted","Adopted","Adopted","Aware but not adopted","Adopted","Rotavator; Seed drill; Sprayer; Harvester","2400","Surface; Other: Flood irrigation","15000","Urea; DAP; SSP; MOP; FYM; Liquid Fertilizer; NPK; Micronutrient; Ammonium Sulphate","Cooperatives","Timely Availability; Inadequate Quantity; Other: Available not in time","7500","Chlorpyriphos 20% EC; Imidacloprid 17.8SL; Profenophos 50% EC; Quinalphos 25% EC; Mancozeb 75WP; Carbendazim 50WP; Fipronil 5% SC",,"Cooperatives","Technical Knowledge","Yes","KCC","600000","Yes","Cooperative; Money Lender; Commercial Bank","High Interest Rates; Indifference from Bank/Cooperative","No",,,,,,,,"High Premium; Long Settlement Time","Regulated market-mandi; Other: Mill","Other: Sugar Mill","Price fluctuation; Other: Payment issue","12300","0","State Department of Agriculture; KVK; Agri University; Agri Clinic Centres; Other: Sugar Mill","Pradhan Mantri Kisan Samman Nidhi Yojana; Pradhan Mantri Fasal Bima Yojana; Kisan Credit Card (KCC) Scheme; Pradhan Mantri Krishi Sinchai Yojana; RKVY (RAFTAAR); Mission for Integrated Development of Horticulture; Sub-Mission on Agriculture Mechanization",,,"No",,"No",,"0","4","Yes","Yes","6500","5400","21000","Yes","Government Primary Health Centre; District level Health Centre",,"More than 5 Km","Malaria; Gastrointestinal infection; Vector borne diseases (dengue, chikungunya, Zika); Other: Cancer","Yes","Yes","Yes","Yes","Yes","No","Yes","Yes","Yes","Ayushman Bharat - PM Jan Arogya Yojana (PM-JAY); Swachh Bharat Abhiyan; Pradhan Mantri Surakshit Matritva Abhiyan; National Nutrition Mission (Poshan Abhiyaan); Rashtriya Swasthya Bima Yojana (RSBY); Jal Jeevan Mission (JJM); PM-KUSUM Scheme; Bharat VISTAAR; National Livestock Mission (NLM); Mission for Integrated Development of Horticulture (MIDH); Pradhan Mantri Matsya Sampada Yojana (PMMSY); National Beekeeping & Honey Mission (NBHM); eNAM (National Agriculture Market); Soil Health Card Scheme",,"No","Yes",
"f2db3531-8be4-4da2-9c9b-6f8344cbf002","submitted","","Pankaj kumar ","2026-08-12","2026-08-12T07:10:11.233+00:00","Masood ali","Didaheri","Charthawal","Muzaffarnagar ","Uttar Pradesh ","29.538294, 77.699003","7505115075","High School","Male","General","7","7","0","Tubewell; Canal; Rain water","Sugarcane ","6","350","Wheat","1","15",,,,"Sugarcane ","6","350","Wheat","1","16",,,,"No",,,"Adopted","Adopted","Aware but not adopted","Aware but not adopted",,,"Adopted","Adopted","Adopted","Adopted","Adopted","Adopted","Adopted","Adopted","Aware but not adopted","Adopted","Rotavator; Seed drill; Sprayer; Harvester","2400","Surface; Other: Flood irrigation","15000","Urea; DAP; SSP; MOP; FYM; Liquid Fertilizer; NPK; Micronutrient; Ammonium Sulphate","Cooperatives","Timely Availability; Inadequate Quantity; Other: Available not in time","7500","Chlorpyriphos 20% EC; Imidacloprid 17.8SL; Profenophos 50% EC; Quinalphos 25% EC; Mancozeb 75WP; Carbendazim 50WP; Fipronil 5% SC",,"Cooperatives","Technical Knowledge","Yes","KCC","600000","Yes","Cooperative; Money Lender; Commercial Bank","High Interest Rates; Indifference from Bank/Cooperative","No",,,,,,,,"High Premium; Long Settlement Time","Regulated market-mandi; Other: Mill","Other: Sugar Mill","Price fluctuation; Other: Payment issue","12300","0","State Department of Agriculture; KVK; Agri University; Agri Clinic Centres; Other: Sugar Mill","Pradhan Mantri Kisan Samman Nidhi Yojana; Pradhan Mantri Fasal Bima Yojana; Kisan Credit Card (KCC) Scheme; Pradhan Mantri Krishi Sinchai Yojana; RKVY (RAFTAAR); Mission for Integrated Development of Horticulture; Sub-Mission on Agriculture Mechanization",,,"No",,"No",,"0","4","Yes","Yes","6500","5400","21000","Yes","Government Primary Health Centre; District level Health Centre",,"More than 5 Km","Malaria; Gastrointestinal infection; Vector borne diseases (dengue, chikungunya, Zika); Other: Cancer","Yes","Yes","Yes","Yes","Yes","No","Yes","Yes","Yes","Ayushman Bharat - PM Jan Arogya Yojana (PM-JAY); Swachh Bharat Abhiyan; Pradhan Mantri Surakshit Matritva Abhiyan; National Nutrition Mission (Poshan Abhiyaan); Rashtriya Swasthya Bima Yojana (RSBY); Jal Jeevan Mission (JJM); PM-KUSUM Scheme; Bharat VISTAAR; National Livestock Mission (NLM); Mission for Integrated Development of Horticulture (MIDH); Pradhan Mantri Matsya Sampada Yojana (PMMSY); National Beekeeping & Honey Mission (NBHM); eNAM (National Agriculture Market); Soil Health Card Scheme",,"No","Yes",
"fe322e2e-79fb-4251-8c78-73e1ec1209eb","submitted","","Pankaj kumar ","2026-08-08","2026-08-09T06:22:54.431+00:00","Sandeep tyagi ","Malira","Charthawal","Muzaffarnagar ","Uttar Pradesh ","29.538294, 77.699003","9761624907","High School","Male","General","8","8","0","Tubewell","Sugarcane ","8","320","Wheat","1","12",,,,"Sugarcane ","8","320","Wheat","1","12",,,,"No",,,"Adopted","Adopted","Aware but not adopted","Aware but not adopted",,,"Adopted","Adopted","Adopted","Adopted","Adopted","Adopted","Adopted","Adopted","Aware but not adopted","Adopted","Rotavator; Seed drill; Sprayer; Harvester","2400","Surface; Other: Flood irrigation","15000","Urea; DAP; SSP; MOP; FYM; Liquid Fertilizer; NPK; Micronutrient; Ammonium Sulphate","Cooperatives","Timely Availability; Inadequate Quantity; Other: Available not in time","7500","Chlorpyriphos 20% EC; Imidacloprid 17.8SL; Profenophos 50% EC; Quinalphos 25% EC; Mancozeb 75WP; Carbendazim 50WP; Fipronil 5% SC",,"Cooperatives","Technical Knowledge","Yes","KCC","600000","Yes","Cooperative; Money Lender; Commercial Bank","High Interest Rates; Indifference from Bank/Cooperative","No",,,,,,,,"High Premium; Long Settlement Time","Regulated market-mandi; Other: Mill","Other: Sugar Mill","Price fluctuation; Other: Payment issue","12300","0","State Department of Agriculture; KVK; Agri University; Agri Clinic Centres; Other: Sugar Mill","Pradhan Mantri Kisan Samman Nidhi Yojana; Pradhan Mantri Fasal Bima Yojana; Kisan Credit Card (KCC) Scheme; Pradhan Mantri Krishi Sinchai Yojana; RKVY (RAFTAAR); Mission for Integrated Development of Horticulture; Sub-Mission on Agriculture Mechanization",,,"No",,"No",,"0","4","Yes","Yes","6500","5400","21000","Yes","Government Primary Health Centre; District level Health Centre",,"More than 5 Km","Malaria; Gastrointestinal infection; Vector borne diseases (dengue, chikungunya, Zika); Other: Cancer","Yes","Yes","Yes","Yes","Yes","No","Yes","Yes","Yes","Ayushman Bharat - PM Jan Arogya Yojana (PM-JAY); Swachh Bharat Abhiyan; Pradhan Mantri Surakshit Matritva Abhiyan; National Nutrition Mission (Poshan Abhiyaan); Rashtriya Swasthya Bima Yojana (RSBY); Jal Jeevan Mission (JJM); PM-KUSUM Scheme; Bharat VISTAAR; National Livestock Mission (NLM); Mission for Integrated Development of Horticulture (MIDH); Pradhan Mantri Matsya Sampada Yojana (PMMSY); National Beekeeping & Honey Mission (NBHM); eNAM (National Agriculture Market); Soil Health Card Scheme",,"No","Yes",
"1b7f4dda-3cf5-4dba-889a-09df7a758ab9","submitted","","Pankaj kumar ","2026-08-08","2026-08-09T06:21:56.741+00:00","Rameshwar Tyagi ","Malira","Charthawal","Muzaffarnagar ","Uttar Pradesh ","29.538294, 77.699003","9627636907","Inter","Male","General","6.5","6.5","0","Tubewell","Sugarcane ","6","320","Wheat",".5","16",,,,"Sugarcane ","6","320","Wheat",".5","16","No","0","0","No",,,"Adopted","Adopted","Aware but not adopted","Aware but not adopted",,,"Adopted","Adopted","Adopted","Adopted","Adopted","Adopted","Adopted","Adopted","Aware but not adopted","Adopted","Rotavator; Seed drill; Sprayer; Harvester","2400","Surface; Other: Flood irrigation","15000","Urea; DAP; SSP; MOP; FYM; Liquid Fertilizer; NPK; Micronutrient; Ammonium Sulphate","Cooperatives","Timely Availability; Inadequate Quantity; Other: Available not in time","7500","Chlorpyriphos 20% EC; Imidacloprid 17.8SL; Profenophos 50% EC; Quinalphos 25% EC; Mancozeb 75WP; Carbendazim 50WP; Fipronil 5% SC",,"Cooperatives","Technical Knowledge","No","KCC","600000","Yes","Cooperative; Money Lender; Commercial Bank","High Interest Rates; Indifference from Bank/Cooperative","No",,,,,,,,"High Premium; Long Settlement Time","Regulated market-mandi; Other: Mill","Other: Sugar Mill","Price fluctuation; Other: Payment issue","12300","0","State Department of Agriculture; KVK; Agri University; Agri Clinic Centres; Other: Sugar Mill","Pradhan Mantri Kisan Samman Nidhi Yojana; Pradhan Mantri Fasal Bima Yojana; Kisan Credit Card (KCC) Scheme; Pradhan Mantri Krishi Sinchai Yojana; RKVY (RAFTAAR); Mission for Integrated Development of Horticulture; Sub-Mission on Agriculture Mechanization",,,"No",,"No",,"0","4","Yes","Yes","6000","5400","21000","Yes","Government Primary Health Centre; District level Health Centre",,"More than 5 Km","Malaria; Gastrointestinal infection; Vector borne diseases (dengue, chikungunya, Zika); Other: Cancer","Yes","Yes","Yes","Yes","Yes","No","Yes","Yes","Yes","Ayushman Bharat - PM Jan Arogya Yojana (PM-JAY); Swachh Bharat Abhiyan; Pradhan Mantri Surakshit Matritva Abhiyan; National Nutrition Mission (Poshan Abhiyaan); Rashtriya Swasthya Bima Yojana (RSBY); Jal Jeevan Mission (JJM); PM-KUSUM Scheme; Bharat VISTAAR; National Livestock Mission (NLM); Mission for Integrated Development of Horticulture (MIDH); Pradhan Mantri Matsya Sampada Yojana (PMMSY); National Beekeeping & Honey Mission (NBHM); eNAM (National Agriculture Market); Soil Health Card Scheme",,"No","Yes",
"a3d274f8-c3a3-445b-840f-8191a444ffb1","submitted","","Pankaj kumar ","2026-08-08","2026-08-09T06:21:00.611+00:00","Yogesh tyagi ","Malira","Charthawal","Muzaffarnagar ","Uttar Pradesh ","29.538294, 77.699003","9690056183","Degree","Male","General","8","8","0","Tubewell","Sugarcane ","8","300","Wheat","1","18",,,,"Sugarcane ","8","310","Wheat","1","15",,,,"No",,,"Adopted","Adopted","Aware but not adopted","Aware but not adopted",,,"Adopted","Adopted","Adopted","Adopted","Adopted","Adopted","Adopted","Adopted","Aware but not adopted","Adopted","Rotavator; Seed drill; Sprayer; Harvester","2400","Surface; Other: Flood irrigation","15000","Urea; DAP; SSP; MOP; FYM; Liquid Fertilizer; NPK; Micronutrient; Ammonium Sulphate","Cooperatives","Timely Availability; Inadequate Quantity; Other: Available not in time","7500","Chlorpyriphos 20% EC; Imidacloprid 17.8SL; Profenophos 50% EC; Quinalphos 25% EC; Mancozeb 75WP; Carbendazim 50WP; Fipronil 5% SC",,"Cooperatives","Technical Knowledge","No","KCC","600000","Yes","Cooperative; Money Lender; Commercial Bank","High Interest Rates; Indifference from Bank/Cooperative","No",,,,,,,,"High Premium; Long Settlement Time","Regulated market-mandi; Other: Mill","Other: Sugar Mill","Price fluctuation; Other: Payment issue","12300","0","State Department of Agriculture; KVK; Agri University; Agri Clinic Centres; Other: Sugar Mill","Pradhan Mantri Kisan Samman Nidhi Yojana; Pradhan Mantri Fasal Bima Yojana; Kisan Credit Card (KCC) Scheme; Pradhan Mantri Krishi Sinchai Yojana; RKVY (RAFTAAR); Mission for Integrated Development of Horticulture; Sub-Mission on Agriculture Mechanization",,,"No",,"No",,"1","0","Yes","Yes","6000","5400","21000","Yes","Government Primary Health Centre; District level Health Centre",,"More than 5 Km","Malaria; Gastrointestinal infection; Vector borne diseases (dengue, chikungunya, Zika); Other: Cancer","Yes","Yes","Yes","Yes","Yes","No","Yes","Yes","Yes","Ayushman Bharat - PM Jan Arogya Yojana (PM-JAY); Swachh Bharat Abhiyan; Pradhan Mantri Surakshit Matritva Abhiyan; National Nutrition Mission (Poshan Abhiyaan); Rashtriya Swasthya Bima Yojana (RSBY); Jal Jeevan Mission (JJM); PM-KUSUM Scheme; Bharat VISTAAR; National Livestock Mission (NLM); Mission for Integrated Development of Horticulture (MIDH); Pradhan Mantri Matsya Sampada Yojana (PMMSY); National Beekeeping & Honey Mission (NBHM); eNAM (National Agriculture Market); Soil Health Card Scheme",,"No","Yes",
"a5c58a58-dbcd-4cc3-bbb2-405c59c689cf","submitted","","Pankaj kumar ","2026-08-08","2026-08-09T06:18:34.379+00:00","Devandra tayagi ","Malira","Charthawal","Muzaffarnagar ","Uttar Pradesh ","29.538294, 77.699003","9027798158","Middle","Male","General","11","11","0","Tubewell","Sugarcane ","10","350","Wheat","1","16","",,,"Sugarcane ","10","350",,,,,,,"No",,,"Adopted","Adopted","Aware but not adopted","Aware but not adopted",,,"Adopted","Adopted","Adopted","Adopted","Adopted","Adopted","Adopted","Adopted","Aware but not adopted","Adopted","Rotavator; Seed drill; Sprayer; Harvester","2400","Surface; Other: Flood irrigation","16000","Urea; DAP; SSP; MOP; FYM; Liquid Fertilizer; NPK; Micronutrient; Ammonium Sulphate","Cooperatives","Timely Availability; Inadequate Quantity; Other: Available not in time","7500","Chlorpyriphos 20% EC; Imidacloprid 17.8SL; Profenophos 50% EC; Quinalphos 25% EC; Mancozeb 75WP; Carbendazim 50WP; Fipronil 5% SC",,"Cooperatives","Technical Knowledge","No","KCC","600000","Yes","Cooperative; Money Lender; Commercial Bank","High Interest Rates; Indifference from Bank/Cooperative","No",,,,,,,,"High Premium; Long Settlement Time","Regulated market-mandi; Other: Mill","Other: Sugar Mill","Price fluctuation; Other: Payment issue","12300","0","State Department of Agriculture; KVK; Agri University; Agri Clinic Centres; Other: Sugar Mill","Pradhan Mantri Kisan Samman Nidhi Yojana; Pradhan Mantri Fasal Bima Yojana; Kisan Credit Card (KCC) Scheme; Pradhan Mantri Krishi Sinchai Yojana; RKVY (RAFTAAR); Mission for Integrated Development of Horticulture; Sub-Mission on Agriculture Mechanization",,,"No",,"No",,"0","2","Yes","Yes","6000","5400","21000","Yes","Government Primary Health Centre; District level Health Centre",,"More than 5 Km","Malaria; Gastrointestinal infection; Vector borne diseases (dengue, chikungunya, Zika); Other: Cancer","Yes","Yes","Yes","Yes","Yes","No","Yes","Yes","Yes","Ayushman Bharat - PM Jan Arogya Yojana (PM-JAY); Swachh Bharat Abhiyan; Pradhan Mantri Surakshit Matritva Abhiyan; National Nutrition Mission (Poshan Abhiyaan); Rashtriya Swasthya Bima Yojana (RSBY); Jal Jeevan Mission (JJM); PM-KUSUM Scheme; Bharat VISTAAR; National Livestock Mission (NLM); Mission for Integrated Development of Horticulture (MIDH); Pradhan Mantri Matsya Sampada Yojana (PMMSY); National Beekeeping & Honey Mission (NBHM); eNAM (National Agriculture Market); Soil Health Card Scheme",,"No","Yes",
"bc76e7c5-1438-4545-aaea-6292e9b1a0a9","submitted","","Pankaj kumar ","2026-08-08","2026-08-09T06:16:48.505+00:00","Prashant tayagi","Malira","Charthawal","Muzaffarnagar ","Uttar Pradesh ","29.538294, 77.699003","80068800208","Inter","Male","General","1","1","0","Tubewell","Sugarcane ","1","350","No","0","0","No","0","0","Sugarcane ","1","350","No","0","0","No","0","0","No",,,"Adopted","Adopted","Aware but not adopted","Aware but not adopted",,,"Adopted","Adopted","Adopted","Adopted","Adopted","Adopted","Adopted","Adopted","Aware but not adopted","Adopted","Rotavator; Seed drill; Sprayer; Harvester","2400","Surface; Other: Flood irrigation","16000","Urea; DAP; SSP; MOP; FYM; Liquid Fertilizer; NPK; Micronutrient; Ammonium Sulphate","Cooperatives","Timely Availability; Inadequate Quantity; Other: Available not in time","7500","Chlorpyriphos 20% EC; Imidacloprid 17.8SL; Profenophos 50% EC; Quinalphos 25% EC; Mancozeb 75WP; Carbendazim 50WP; Fipronil 5% SC",,"Cooperatives","Technical Knowledge","No","KCC","600000","Yes","Cooperative; Money Lender; Commercial Bank","High Interest Rates; Indifference from Bank/Cooperative","No",,,,,,,,"High Premium; Long Settlement Time","Regulated market-mandi; Other: Mill","Other: Sugar Mill","Price fluctuation; Other: Payment issue","12300","0","State Department of Agriculture; KVK; Agri University; Agri Clinic Centres; Other: Sugar Mill","Pradhan Mantri Kisan Samman Nidhi Yojana; Pradhan Mantri Fasal Bima Yojana; Kisan Credit Card (KCC) Scheme; Pradhan Mantri Krishi Sinchai Yojana; RKVY (RAFTAAR); Mission for Integrated Development of Horticulture; Sub-Mission on Agriculture Mechanization",,,"No",,"No",,"0","2","Yes","Yes","6000","5400","21000","Yes","Government Primary Health Centre; District level Health Centre",,"More than 5 Km","Malaria; Gastrointestinal infection; Vector borne diseases (dengue, chikungunya, Zika); Skin infection (fungal, scabies); Other: Cancer","Yes","Yes","Yes","Yes","Yes","No","Yes","Yes","Yes","Ayushman Bharat - PM Jan Arogya Yojana (PM-JAY); Swachh Bharat Abhiyan; Pradhan Mantri Surakshit Matritva Abhiyan; National Nutrition Mission (Poshan Abhiyaan); Rashtriya Swasthya Bima Yojana (RSBY); Jal Jeevan Mission (JJM); PM-KUSUM Scheme; Bharat VISTAAR; National Livestock Mission (NLM); Mission for Integrated Development of Horticulture (MIDH); Pradhan Mantri Matsya Sampada Yojana (PMMSY); National Beekeeping & Honey Mission (NBHM); eNAM (National Agriculture Market); Soil Health Card Scheme",,"No","Yes",
"947feb25-8113-4597-9ef7-6aea810840ad","submitted","","Pankaj kumar ","2026-08-07","2026-08-09T06:13:24.587+00:00","Neeraj kumar ","Kacholi","Charthawal","Muzaffarnagar ","Uttar Pradesh ","29.551503, 77.709616","8445972685","High School","Male","General","1","1","0","Tubewell","Sugarcane ","1","400","No","0","0","No","0","0","Sugarcane ","1","400","No","0","0",,"0","0","No",,,"Adopted","Adopted","Aware but not adopted","Aware but not adopted",,,"Adopted","Adopted","Adopted","Adopted","Adopted","Adopted","Adopted","Adopted","Aware but not adopted","Adopted","Rotavator; Seed drill; Sprayer; Harvester","2400","Surface; Other: Flood irrigation","18000","Urea; DAP; SSP; MOP; FYM; Liquid Fertilizer; NPK; Micronutrient; Ammonium Sulphate","Cooperatives","Timely Availability; Inadequate Quantity; Other: Available not in time","7500","Chlorpyriphos 20% EC; Imidacloprid 17.8SL; Profenophos 50% EC; Quinalphos 25% EC; Mancozeb 75WP; Carbendazim 50WP; Fipronil 5% SC",,"Cooperatives","Technical Knowledge","Yes","KCC","600000","Yes","Cooperative; Money Lender; Commercial Bank","High Interest Rates; Indifference from Bank/Cooperative","No",,,,,,,,"High Premium; Long Settlement Time","Regulated market-mandi; Other: Mill","Farmer's Producer Organisations; Other: Goverment labi","Price fluctuation; Other: Payment issue","12250","0","State Department of Agriculture; KVK; Agri University; Agri Clinic Centres; Other: Sugar Mill","Pradhan Mantri Kisan Samman Nidhi Yojana; Pradhan Mantri Fasal Bima Yojana; Kisan Credit Card (KCC) Scheme; Pradhan Mantri Krishi Sinchai Yojana; RKVY (RAFTAAR); Mission for Integrated Development of Horticulture; Sub-Mission on Agriculture Mechanization",,,"No",,"No",,"3","6","Yes","Yes","6000","5400","21000","Yes","Government Primary Health Centre; District level Health Centre",,"More than 5 Km","Malaria; Gastrointestinal infection; Vector borne diseases (dengue, chikungunya, Zika); Other: Cancer","Yes","Yes","Yes","Yes","Yes","No","Yes","Yes","Yes","Ayushman Bharat - PM Jan Arogya Yojana (PM-JAY); Swachh Bharat Abhiyan; Pradhan Mantri Surakshit Matritva Abhiyan; National Nutrition Mission (Poshan Abhiyaan); Rashtriya Swasthya Bima Yojana (RSBY); Jal Jeevan Mission (JJM); PM-KUSUM Scheme; Bharat VISTAAR; National Livestock Mission (NLM); Mission for Integrated Development of Horticulture (MIDH); Pradhan Mantri Matsya Sampada Yojana (PMMSY); National Beekeeping & Honey Mission (NBHM); eNAM (National Agriculture Market); Soil Health Card Scheme",,"No","Yes",
"9ac20ac2-518f-438f-a250-bbcb40cae09c","submitted","","Pankaj kumar ","2026-08-07","2026-08-09T06:10:52.118+00:00","Narendera singh ","Kacholi","Charthawal","Muzaffarnagar ","Uttar Pradesh ","29.551503, 77.709616","7078425858","Inter","Male","General","2","2","0","Tubewell","Sugarcane ","2","300","","","","Sugarcane","2","300","Sugarcane ","2","280",,"","",,"","","No",,,"Adopted","Adopted","Aware but not adopted","Aware but not adopted",,,"Adopted","Adopted","Adopted","Adopted","Adopted","Adopted","Adopted","Adopted","Aware but not adopted","Adopted","Rotavator; Seed drill; Sprayer; Harvester","2400","Surface; Other: Flood irrigation","18000","Urea; DAP; SSP; MOP; FYM; Liquid Fertilizer; NPK; Micronutrient; Ammonium Sulphate","Cooperatives","Timely Availability; Inadequate Quantity; Other: Available not in time","7500","Chlorpyriphos 20% EC; Imidacloprid 17.8SL; Profenophos 50% EC; Quinalphos 25% EC; Mancozeb 75WP; Carbendazim 50WP; Fipronil 5% SC",,"Cooperatives","Technical Knowledge","Yes","KCC","600000","Yes","Cooperative; Money Lender; Commercial Bank","High Interest Rates; Indifference from Bank/Cooperative","No",,,,,,,,"High Premium; Long Settlement Time","Regulated market-mandi; Other: Mill","Farmer's Producer Organisations; Other: Goverment labi","Price fluctuation; Other: Payment issue","12250","0","State Department of Agriculture; KVK; Agri University; Agri Clinic Centres; Other: Sugar Mill","Pradhan Mantri Kisan Samman Nidhi Yojana; Pradhan Mantri Fasal Bima Yojana; Kisan Credit Card (KCC) Scheme; Pradhan Mantri Krishi Sinchai Yojana; RKVY (RAFTAAR); Mission for Integrated Development of Horticulture; Sub-Mission on Agriculture Mechanization",,,"No",,"No",,"0","5","Yes","Yes","6000","5400","21000","Yes","Government Primary Health Centre; District level Health Centre",,"More than 5 Km","Malaria; Gastrointestinal infection; Vector borne diseases (dengue, chikungunya, Zika); Other: Cancer","Yes","Yes","Yes","Yes","Yes","No","Yes","Yes","Yes","Ayushman Bharat - PM Jan Arogya Yojana (PM-JAY); Swachh Bharat Abhiyan; Pradhan Mantri Surakshit Matritva Abhiyan; National Nutrition Mission (Poshan Abhiyaan); Rashtriya Swasthya Bima Yojana (RSBY); Jal Jeevan Mission (JJM); PM-KUSUM Scheme; Bharat VISTAAR; National Livestock Mission (NLM); Mission for Integrated Development of Horticulture (MIDH); Pradhan Mantri Matsya Sampada Yojana (PMMSY); National Beekeeping & Honey Mission (NBHM); eNAM (National Agriculture Market); Soil Health Card Scheme",,"No","Yes",
"8c0e8a6b-37b7-4bca-a7f6-f9f9c915af37","submitted","","Pankaj kumar ","2026-08-07","2026-08-09T06:08:05.139+00:00","Kuldeep singh ","Kacholi","Charthawal","Muzaffarnagar ","Uttar Pradesh ","29.551503, 77.709616","7417878126","Inter","Male","General","2","2","0","Tubewell","Sugarcane ","2","360","Wheat ","1","20","Sugarcane","2","360",,"2","280",,"1","23",,"","","No",,,"Adopted","Adopted","Aware but not adopted","Aware but not adopted",,,"Adopted","Adopted","Adopted","Adopted","Adopted","Adopted","Adopted","Adopted","Aware but not adopted","Adopted","Rotavator; Seed drill; Sprayer; Harvester","2500","Surface; Other: Flood irrigation","1800","Urea; DAP; SSP; MOP; FYM; Liquid Fertilizer; NPK; Micronutrient; Ammonium Sulphate","Cooperatives","Timely Availability; Inadequate Quantity; Other: Available not in time","7500","Chlorpyriphos 20% EC; Imidacloprid 17.8SL; Profenophos 50% EC; Quinalphos 25% EC; Mancozeb 75WP; Carbendazim 50WP; Fipronil 5% SC",,"Cooperatives","Technical Knowledge; High Prices","Yes","KCC","600000","Yes","Cooperative; Money Lender; Commercial Bank","High Interest Rates; Indifference from Bank/Cooperative","No",,,,,,,,"High Premium; Long Settlement Time","Regulated market-mandi; Other: Mill","Farmer's Producer Organisations; Other: Gov labi","Price fluctuation; Other: Payment issue","12250","0","State Department of Agriculture; KVK; Agri University; Agri Clinic Centres; Other: Sugar Mill","Pradhan Mantri Kisan Samman Nidhi Yojana; Pradhan Mantri Fasal Bima Yojana; Kisan Credit Card (KCC) Scheme; Pradhan Mantri Krishi Sinchai Yojana; RKVY (RAFTAAR); Mission for Integrated Development of Horticulture; Sub-Mission on Agriculture Mechanization",,,"No",,"No",,"0","5","Yes","Yes","6000","5400","21000","Yes","Government Primary Health Centre; District level Health Centre",,"More than 5 Km","Malaria; Gastrointestinal infection; Vector borne diseases (dengue, chikungunya, Zika); Other: Cancer","Yes","Yes","Yes","Yes","Yes","No","Yes","Yes","Yes","Ayushman Bharat - PM Jan Arogya Yojana (PM-JAY); Swachh Bharat Abhiyan; Pradhan Mantri Surakshit Matritva Abhiyan; National Nutrition Mission (Poshan Abhiyaan); Rashtriya Swasthya Bima Yojana (RSBY); Jal Jeevan Mission (JJM); PM-KUSUM Scheme; Bharat VISTAAR; National Livestock Mission (NLM); Mission for Integrated Development of Horticulture (MIDH); Pradhan Mantri Matsya Sampada Yojana (PMMSY); National Beekeeping & Honey Mission (NBHM); eNAM (National Agriculture Market); Soil Health Card Scheme",,"No","Yes",
"0d061f54-78ee-4c79-ac33-308c37aa7083","submitted","","Pankaj kumar ","2026-08-07","2026-08-09T05:41:44.903+00:00","Akshay pundir","Kacholi","Charthawal","Muzaffarnagar ","Uttar Pradesh ","29.551503, 77.709616","9639813330","Degree","Male","General","2","2","0","Tubewell; Canal","Sugarcane ","2","400","Wheat ","1","24","Sugarcane","2","400",,,"280",,"1","23",,"4",,"No",,,"Adopted","Adopted","Aware but not adopted","Aware but not adopted",,,"Adopted","Adopted","Adopted","Adopted","Adopted","Adopted","Adopted","Adopted","Adopted","Adopted","Rotavator; Seed drill; Sprayer; Harvester","1500","Surface; Other: Flood irrigation","1200","Urea; DAP; SSP; MOP; FYM; Liquid Fertilizer; NPK; Micronutrient; Ammonium Sulphate","Cooperatives","Timely Availability; Inadequate Quantity; Other: Available not in time","7000","Chlorpyriphos 20% EC; Imidacloprid 17.8SL; Profenophos 50% EC; Quinalphos 25% EC; Mancozeb 75WP; Carbendazim 50WP; Fipronil 5% SC",,"Cooperatives","Technical Knowledge","Yes","KCC","600000","No","Cooperative; Money Lender; Commercial Bank","High Interest Rates; Indifference from Bank/Cooperative","No",,,,,,,,"High Premium; Long Settlement Time","Regulated market-mandi; Other: Mill","Farmer's Producer Organisations; Other: Gov labi","Price fluctuation; Other: Payment issue","7500","0","State Department of Agriculture; KVK; Agri University; Agri Clinic Centres; Other: Sugar Mill","Pradhan Mantri Kisan Samman Nidhi Yojana; Pradhan Mantri Fasal Bima Yojana; Kisan Credit Card (KCC) Scheme; Pradhan Mantri Krishi Sinchai Yojana; RKVY (RAFTAAR); Mission for Integrated Development of Horticulture; Sub-Mission on Agriculture Mechanization",,,"No",,"No",,"2","3","Yes","Yes","6000","20000","25000","Yes","Government Primary Health Centre; District level Health Centre",,"More than 5 Km","Malaria; Gastrointestinal infection; Other: Cancer","Yes","Yes","Yes","Yes","Yes","No","Yes","Yes","Yes","Ayushman Bharat - PM Jan Arogya Yojana (PM-JAY); Swachh Bharat Abhiyan; Pradhan Mantri Surakshit Matritva Abhiyan; National Nutrition Mission (Poshan Abhiyaan); Rashtriya Swasthya Bima Yojana (RSBY); Jal Jeevan Mission (JJM); PM-KUSUM Scheme; Bharat VISTAAR; National Livestock Mission (NLM); Mission for Integrated Development of Horticulture (MIDH); Pradhan Mantri Matsya Sampada Yojana (PMMSY); National Beekeeping & Honey Mission (NBHM); eNAM (National Agriculture Market); Soil Health Card Scheme",,"No","Yes",
"f6a45516-e490-442f-8b66-a2cd4f563c87","submitted","","Pankaj kumar ","2026-08-07","2026-08-09T05:36:02.584+00:00","Shripal Singh ","Kacholi","Charthawal","Muzaffarnagar ","Uttar Pradesh ","29.551503, 77.709616","7300665496","High School","Male","General","4","4","0","Tubewell","Sugarcane ","4","350","Wheat ","1","20","Sugarcane","4","340",,"1","280",,"1","23",,"4",,"No",,,"Adopted","Adopted","Aware but not adopted","Aware but not adopted",,,"Adopted","Adopted","Adopted","Adopted","Adopted","Adopted","Adopted","Adopted","Adopted","Adopted","Rotavator; Seed drill; Sprayer; Harvester","2000","Surface; Other: Flood irrigation","18000","Urea; DAP; SSP; MOP; FYM; Liquid Fertilizer; NPK; Micronutrient; Ammonium Sulphate","Cooperatives","Timely Availability; Inadequate Quantity; Other: Available not in time","7500","Chlorpyriphos 20% EC; Imidacloprid 17.8SL; Profenophos 50% EC; Quinalphos 25% EC; Mancozeb 75WP; Carbendazim 50WP; Fipronil 5% SC",,"Cooperatives","Technical Knowledge","Yes","KCC","600000","Yes","Cooperative; Money Lender; Commercial Bank","High Interest Rates; Indifference from Bank/Cooperative","No",,,,,,,,"High Premium; Long Settlement Time","Regulated market-mandi; Other: Mill","Farmer's Producer Organisations; Other: Gov labi","Price fluctuation; Other: Payment issue","7500","0","State Department of Agriculture; KVK; Agri University; Agri Clinic Centres; Other: Sugar Mill","Pradhan Mantri Kisan Samman Nidhi Yojana; Pradhan Mantri Fasal Bima Yojana; Kisan Credit Card (KCC) Scheme; Pradhan Mantri Krishi Sinchai Yojana; RKVY (RAFTAAR); Mission for Integrated Development of Horticulture; Sub-Mission on Agriculture Mechanization",,,"No",,"No",,"2","3","Yes","Yes","6000","5400","21000","Yes","Government Primary Health Centre; District level Health Centre",,"More than 5 Km","Malaria; Gastrointestinal infection; Other: Cancer","Yes","Yes","Yes","Yes","Yes","No","Yes","Yes","Yes","Ayushman Bharat - PM Jan Arogya Yojana (PM-JAY); Swachh Bharat Abhiyan; Pradhan Mantri Surakshit Matritva Abhiyan; National Nutrition Mission (Poshan Abhiyaan); Rashtriya Swasthya Bima Yojana (RSBY); Jal Jeevan Mission (JJM); PM-KUSUM Scheme; Bharat VISTAAR; National Livestock Mission (NLM); Mission for Integrated Development of Horticulture (MIDH); Pradhan Mantri Matsya Sampada Yojana (PMMSY); National Beekeeping & Honey Mission (NBHM); eNAM (National Agriculture Market); Soil Health Card Scheme",,"No","Yes",
"2a5c09a3-9f86-4b4f-b0e2-37f1824ae41d","submitted","","Pankaj kumar ","2026-08-05","2026-08-09T05:25:24.191+00:00","Arvind kumar ","Shadhpur","Charthawal ","Mujaffarnagar ","Uttar Pradesh ","29.551503, 77.709616","8755330746","Degree","Male","General","3","3",,"Tubewell","Sugarcane ","3","260","Wheat ","1","15","Sugarcane",,,,,"278",,,,,"3",,"No",,,"Adopted","Adopted","Aware but not adopted","Aware but not adopted",,,"Not aware","Adopted","Adopted","Adopted","Adopted","Adopted","Adopted","Adopted","Aware but not adopted","Adopted","Rotavator; Seed drill; Sprayer; Harvester","1500","Surface; Other: Flood irrigation","1200","Urea; DAP; SSP; MOP; FYM; Liquid Fertilizer; NPK; Micronutrient; Ammonium Sulphate","Cooperatives","Timely Availability; Inadequate Quantity; Other: Available not in time","3000","Chlorpyriphos 20% EC; Imidacloprid 17.8SL; Profenophos 50% EC; Quinalphos 25% EC; Mancozeb 75WP; Carbendazim 50WP; Fipronil 5% SC",,"Cooperatives","Technical Knowledge","Yes","KCC","600000","Yes","Cooperative; Money Lender; Commercial Bank","High Interest Rates; Indifference from Bank/Cooperative","No",,,,,,,,"High Premium; Long Settlement Time","Regulated market-mandi","Farmer's Producer Organisations","Price fluctuation; Lack of storage facility","7500","0","State Department of Agriculture; KVK; Agri University; Agri Clinic Centres; Other: Sugar Mill","Pradhan Mantri Kisan Samman Nidhi Yojana; Pradhan Mantri Fasal Bima Yojana; Kisan Credit Card (KCC) Scheme; Pradhan Mantri Krishi Sinchai Yojana; RKVY (RAFTAAR); Mission for Integrated Development of Horticulture; Sub-Mission on Agriculture Mechanization",,,"No",,"No",,"1","5","Yes","Yes","6000","18000","24000","Yes","Government Primary Health Centre; District level Health Centre",,"More than 5 Km","Malaria; Other: Cancer","Yes","Yes","Yes","No","No","No","Yes","Yes","Yes","Ayushman Bharat - PM Jan Arogya Yojana (PM-JAY); Swachh Bharat Abhiyan; Pradhan Mantri Surakshit Matritva Abhiyan; National Nutrition Mission (Poshan Abhiyaan); Rashtriya Swasthya Bima Yojana (RSBY); Jal Jeevan Mission (JJM); PM-KUSUM Scheme; Bharat VISTAAR; National Livestock Mission (NLM); Mission for Integrated Development of Horticulture (MIDH); Pradhan Mantri Matsya Sampada Yojana (PMMSY); National Beekeeping & Honey Mission (NBHM); eNAM (National Agriculture Market); Soil Health Card Scheme",,"No","Yes",
"03bdb928-4ceb-4972-88df-b5a3a1abbca9","submitted","","Pankaj kumar ","2026-08-05","2026-08-09T05:22:37.418+00:00","Vishal Sharma ","Shadhpur","Charthawal ","Mujaffarnagar ","Uttar Pradesh ","29.551503, 77.709616","9267710031","Inter","Male","General","4","4","0","Tubewell; Canal","Sugarcane ","4","280","Wheat ","1","15","Sugarcane","4","280",,,"280",,,,,"4",,"No",,,"Adopted","Adopted","Aware but not adopted","Aware but not adopted",,,"Not aware","Adopted","Adopted","Adopted","Adopted","Adopted","Adopted","Adopted","Aware but not adopted","Adopted","Rotavator; Seed drill; Sprayer; Harvester","1500","Surface; Other: Flood irrigation","1200","Urea; DAP; SSP; MOP; FYM; Liquid Fertilizer; NPK; Micronutrient; Ammonium Sulphate","Cooperatives","Timely Availability; Inadequate Quantity; Other: Available not in time","3000","Chlorpyriphos 20% EC; Imidacloprid 17.8SL; Profenophos 50% EC; Quinalphos 25% EC; Mancozeb 75WP; Carbendazim 50WP; Fipronil 5% SC",,"Cooperatives","Technical Knowledge","Yes","KCC","600000","Yes","Cooperative; Money Lender; Commercial Bank","High Interest Rates; Indifference from Bank/Cooperative","No",,,,,,,,"High Premium; Long Settlement Time","Regulated market-mandi","Farmer's Producer Organisations","Price fluctuation; Lack of storage facility","7500","0","State Department of Agriculture; KVK; Agri University; Agri Clinic Centres; Other: Sugar Mill","Pradhan Mantri Kisan Samman Nidhi Yojana; Pradhan Mantri Fasal Bima Yojana; Kisan Credit Card (KCC) Scheme; Pradhan Mantri Krishi Sinchai Yojana; RKVY (RAFTAAR); Mission for Integrated Development of Horticulture; Sub-Mission on Agriculture Mechanization",,,"No",,"No",,"1","5","Yes","Yes","6000","18000","24000","Yes","Government Primary Health Centre; District level Health Centre",,"More than 5 Km","Malaria; Other: Cancer","Yes","Yes","Yes","No","No","No","Yes","Yes","Yes","Ayushman Bharat - PM Jan Arogya Yojana (PM-JAY); Swachh Bharat Abhiyan; Pradhan Mantri Surakshit Matritva Abhiyan; National Nutrition Mission (Poshan Abhiyaan); Rashtriya Swasthya Bima Yojana (RSBY); Jal Jeevan Mission (JJM); PM-KUSUM Scheme; Bharat VISTAAR; National Livestock Mission (NLM); Mission for Integrated Development of Horticulture (MIDH); Pradhan Mantri Matsya Sampada Yojana (PMMSY); National Beekeeping & Honey Mission (NBHM); eNAM (National Agriculture Market); Soil Health Card Scheme",,"No","Yes",
"e09e121d-e574-4397-b1cb-ec72abe6f583","submitted","","Pankaj kumar ","2026-08-05","2026-08-09T05:21:32.04+00:00","Govesh Sharma ","Shadhpur","Charthawal ","Mujaffarnagar ","Uttar Pradesh ","29.551503, 77.709616","9012718632","Inter","Male","General","2","2","0","Tubewell","Sugarcane ","3","260","Wheat ","1","15","Sugarcane","2","255",,,"278",,,,,"2",,"No",,,"Adopted","Adopted","Aware but not adopted","Aware but not adopted",,,"Not aware","Adopted","Adopted","Adopted","Adopted","Adopted","Adopted","Adopted","Aware but not adopted","Adopted","Rotavator; Seed drill; Sprayer; Harvester","1500","Surface; Other: Flood irrigation","1200","Urea; DAP; SSP; MOP; FYM; Liquid Fertilizer; NPK; Micronutrient; Ammonium Sulphate","Cooperatives","Timely Availability; Inadequate Quantity; Other: Available not in time","3000","Chlorpyriphos 20% EC; Imidacloprid 17.8SL; Profenophos 50% EC; Quinalphos 25% EC; Mancozeb 75WP; Carbendazim 50WP; Fipronil 5% SC",,"Cooperatives","Technical Knowledge","Yes","KCC","600000","Yes","Cooperative; Money Lender; Commercial Bank","High Interest Rates; Indifference from Bank/Cooperative","No",,,,,,,,"High Premium; Long Settlement Time","Regulated market-mandi","Farmer's Producer Organisations","Price fluctuation; Lack of storage facility","7500","0","State Department of Agriculture; KVK; Agri University; Agri Clinic Centres; Other: Sugar Mill","Pradhan Mantri Kisan Samman Nidhi Yojana; Pradhan Mantri Fasal Bima Yojana; Kisan Credit Card (KCC) Scheme; Pradhan Mantri Krishi Sinchai Yojana; RKVY (RAFTAAR); Mission for Integrated Development of Horticulture; Sub-Mission on Agriculture Mechanization",,,"No",,"No",,"1","5","Yes","Yes","6000","18000","24000","Yes","Government Primary Health Centre; District level Health Centre",,"More than 5 Km","Malaria; Other: Cancer","Yes","Yes","Yes","No","No","No","Yes","Yes","Yes","Ayushman Bharat - PM Jan Arogya Yojana (PM-JAY); Swachh Bharat Abhiyan; Pradhan Mantri Surakshit Matritva Abhiyan; National Nutrition Mission (Poshan Abhiyaan); Rashtriya Swasthya Bima Yojana (RSBY); Jal Jeevan Mission (JJM); PM-KUSUM Scheme; Bharat VISTAAR; National Livestock Mission (NLM); Mission for Integrated Development of Horticulture (MIDH); Pradhan Mantri Matsya Sampada Yojana (PMMSY); National Beekeeping & Honey Mission (NBHM); eNAM (National Agriculture Market); Soil Health Card Scheme",,"No","Yes",
"badd373d-76b5-49cc-945c-d3817273006c","submitted","","Pankaj kumar ","2026-08-05","2026-08-09T05:19:59.339+00:00","Vikash kumar ","Shadhpur","Charthawal ","Mujaffarnagar ","Uttar Pradesh ","29.544505, 77.716943","8445059486","Inter","Male","OBC","1","1",,"Tubewell","Sugarcane ","1","300","Wheat ","","","",,,"Sugarcane ","1","278",,,,,"",,"No",,,"Adopted","Adopted","Aware but not adopted","Aware but not adopted",,,"Not aware","Adopted","Adopted","Adopted","Adopted","Adopted","Adopted","Adopted","Aware but not adopted","Adopted","Rotavator; Seed drill; Sprayer; Harvester","6000","Surface; Other: Flood irrigation","1200","Urea; DAP; SSP; MOP; FYM; Liquid Fertilizer; NPK; Micronutrient; Ammonium Sulphate","Cooperatives","Timely Availability; Inadequate Quantity; Other: Available not in time","3000","Chlorpyriphos 20% EC; Imidacloprid 17.8SL; Profenophos 50% EC; Quinalphos 25% EC; Mancozeb 75WP; Carbendazim 50WP; Fipronil 5% SC",,"Cooperatives","Technical Knowledge","Yes","KCC","600000","Yes","Cooperative; Money Lender; Commercial Bank","High Interest Rates; Indifference from Bank/Cooperative","No",,,,,,,,"High Premium; Long Settlement Time","Regulated market-mandi","Farmer's Producer Organisations","Price fluctuation; Lack of storage facility","7500","0","State Department of Agriculture; KVK; Agri University; Agri Clinic Centres; Other: Sugar Mill","Pradhan Mantri Kisan Samman Nidhi Yojana; Pradhan Mantri Fasal Bima Yojana; Kisan Credit Card (KCC) Scheme; Pradhan Mantri Krishi Sinchai Yojana; RKVY (RAFTAAR); Mission for Integrated Development of Horticulture; Sub-Mission on Agriculture Mechanization",,,"No",,"No",,"1","5","Yes","Yes","6000","18000","24000","Yes",,,"More than 5 Km","Malaria; Other: Cancer","Yes","Yes","Yes","No","No","No","Yes","Yes","Yes","Ayushman Bharat - PM Jan Arogya Yojana (PM-JAY); Swachh Bharat Abhiyan; Pradhan Mantri Surakshit Matritva Abhiyan; National Nutrition Mission (Poshan Abhiyaan); Rashtriya Swasthya Bima Yojana (RSBY); Jal Jeevan Mission (JJM); PM-KUSUM Scheme; Bharat VISTAAR; National Livestock Mission (NLM); Mission for Integrated Development of Horticulture (MIDH); Pradhan Mantri Matsya Sampada Yojana (PMMSY); National Beekeeping & Honey Mission (NBHM); eNAM (National Agriculture Market); Soil Health Card Scheme",,"No","Yes",